time,event,mid,state,action,kind,duration,h,dh,eta,slack_pressure,goal,rule,dispatched,op,job_due,overdue
45.15859952040902,scheduling,,"[4.0,1.0,1.0,1.0,84.50006866455078,84.50006866455078,0.0,0.0]",,,,,,,,2,0,True,"{""mid"":2,""t0"":45.15859952040902,""t1"":71.02940134836614,""jid"":0,""oid"":0}",185.99205183792122,False
71.02940134836614,maintenance,2,"[0.9855305552482605,0.0,100.0,0.0,0.385530561208725,0.6855305433273315,0.0,0.0,0.0,71.02940368652344]",0,DN,0.0,0.9855305466237942,0.0,100.0,0.0,,,,,,
71.02940134836614,scheduling,,"[4.0,1.0,1.0,1.0,84.50006866455078,84.50006866455078,0.0,0.0]",,,,,,,,2,0,True,"{""mid"":0,""t0"":71.02940134836614,""t1"":94.31395252513278,""jid"":0,""oid"":1}",185.99205183792122,False
94.31395252513278,maintenance,0,"[0.9910714030265808,0.0,100.0,0.0,0.3910714387893677,0.6910714507102966,0.0,0.0,0.0,94.31394958496094]",0,DN,0.0,0.9910714285714286,0.0,100.0,0.0,,,,,,
112.94609344292479,scheduling,,"[4.0,1.0,1.0,2.0,150.27044677734375,150.27044677734375,0.0,0.0]",,,,,,,,0,4,True,"{""mid"":1,""t0"":112.94609344292479,""t1"":124.01606174476471,""jid"":1,""oid"":0}",363.396826962293,False
124.01606174476471,maintenance,1,"[0.99832683801651,0.0,100.0,0.0,0.3983268141746521,0.698326826095581,0.0,0.0,0.0,124.01605987548828]",0,DN,0.0,0.9983268265476855,0.0,100.0,0.0,,,,,,
124.01606174476471,scheduling,,"[4.0,1.0,1.0,2.0,150.27044677734375,150.27044677734375,0.0,0.0]",,,,,,,,0,4,True,"{""mid"":1,""t0"":124.01606174476471,""t1"":169.66247167788976,""jid"":1,""oid"":1}",363.396826962293,False
124.86955899322571,scheduling,,"[3.0,2.0,2.0,3.0,171.72422790527344,149.4169464111328,0.0,0.25]",,,,,,,,0,4,True,"{""mid"":2,""t0"":124.86955899322571,""t1"":130.47837884779597,""jid"":2,""oid"":0}",448.25542794921955,False
126.23303450283784,scheduling,,"[2.0,3.0,3.0,4.0,187.31935119628906,148.053466796875,0.0,0.5]",,,,,,,,3,3,True,"{""mid"":3,""t0"":126.23303450283784,""t1"":138.8949111948143,""jid"":2,""oid"":0}",448.25542794921955,False
130.47837884779597,maintenance,2,"[0.9823151230812073,-0.003215434029698372,212.1999969482422,0.0,0.38231509923934937,0.6823151111602783,0.0,0.0,0.0,130.47837829589844]",0,DN,0.0,0.9823151125401929,-0.003215434083601365,212.1999999999948,0.0,,,,,,
130.47837884779597,scheduling,,"[2.0,3.0,3.0,4.0,186.11912536621094,143.80812072753906,0.0,0.5]",,,,,,,,3,3,True,"{""mid"":2,""t0"":130.47837884779597,""t1"":178.15544840457562,""jid"":1,""oid"":1}",363.396826962293,False
138.8949111948143,maintenance,3,"[0.9940119981765747,0.0,100.0,0.0,0.3940119743347168,0.6940119862556458,0.0,0.0,0.0,138.89491271972656]",0,DN,0.0,0.9940119760479041,0.0,100.0,0.0,,,,,,
138.8949111948143,scheduling,,"[2.0,3.0,3.0,4.0,182.5767059326172,135.39158630371094,0.0,0.5]",,,,,,,,3,3,True,"{""mid"":0,""t0"":138.8949111948143,""t1"":188.01642837438595,""jid"":2,""oid"":2}",448.25542794921955,False
169.66247167788976,maintenance,1,"[0.9882878065109253,-0.010039040818810463,68.56111145019531,0.0,0.3882877826690674,0.6882877945899963,0.0,0.0,0.0,169.6624755859375]",0,DN,0.0,0.9882877858337981,-0.010039040713887393,68.56111111111075,0.0,,,,,,
169.66247167788976,scheduling,,"[2.0,3.0,3.0,4.0,167.36306762695312,151.2857666015625,0.0,0.5]",,,,,,,,3,2,True,"{""mid"":1,""t0"":169.66247167788976,""t1"":212.081702095025,""jid"":1,""oid"":2}",363.396826962293,False
178.15544840457562,maintenance,2,"[0.9533762335777283,-0.028938906267285347,22.577777862548828,0.0,0.35337620973587036,0.6533762216567993,0.0,0.0,0.0,178.1554412841797]",0,DN,0.0,0.9533762057877814,-0.02893890675241151,22.577777777777833,0.0,,,,,,
178.15544840457562,scheduling,,"[2.0,2.0,2.0,4.0,166.9087371826172,164.5033416748047,0.0,0.5]",,,,,,,,3,2,True,"{""mid"":3,""t0"":178.15544840457562,""t1"":202.56085833408275,""jid"":3,""oid"":0}",494.9605945487086,False
188.01642837438595,maintenance,0,"[0.9709821343421936,-0.02008928544819355,33.400001525878906,0.0,0.3709821403026581,0.6709821224212646,0.0,0.0,0.0,188.0164337158203]",0,DN,0.0,0.9709821428571429,-0.0200892857142857,33.400000000000034,0.0,,,,,,
188.01642837438595,scheduling,,"[2.0,2.0,2.0,4.0,181.60850524902344,159.45314025878906,0.0,0.5]",,,,,,,,3,3,True,"{""mid"":0,""t0"":188.01642837438595,""t1"":224.58577596418107,""jid"":2,""oid"":3}",448.25542794921955,False
195.77300920158785,scheduling,,"[1.0,3.0,3.0,5.0,206.34136962890625,151.69656372070312,0.0,0.75]",,,,,,,,3,3,True,"{""mid"":2,""t0"":195.77300920158785,""t1"":234.74492668055737,""jid"":2,""oid"":3}",448.25542794921955,False
202.56085833408275,maintenance,3,"[0.977544903755188,-0.01646706648170948,41.14545440673828,0.0,0.37754490971565247,0.677544891834259,0.0,0.0,0.0,202.56085205078125]",0,DN,0.0,0.9775449101796407,-0.01646706586826341,41.145454545454704,0.0,,,,,,
202.56085833408275,scheduling,,"[1.0,3.0,3.0,5.0,205.12232971191406,161.61512756347656,0.0,0.75]",,,,,,,,3,3,True,"{""mid"":3,""t0"":202.56085833408275,""t1"":243.47372111409484,""jid"":3,""oid"":1}",494.9605945487086,False
212.081702095025,maintenance,1,"[0.9782487154006958,-0.010039040818810463,67.56111145019531,0.0,0.37824875116348267,0.6782487630844116,0.0,0.0,0.0,212.08169555664062]",0,DN,0.0,0.9782487451199108,-0.010039040713887282,67.56111111111152,0.0,,,,,,
212.081702095025,scheduling,,"[1.0,3.0,3.0,5.0,195.6014862060547,152.09426879882812,0.0,0.75]",,,,,,,,3,3,True,"{""mid"":1,""t0"":212.081702095025,""t1"":219.0170249837161,""jid"":2,""oid"":3}",448.25542794921955,False
219.0170249837161,maintenance,1,"[0.9765755534172058,-0.001673173508606851,404.3666687011719,0.0,0.3765755593776703,0.6765756011009216,0.0,0.0,0.0,219.01702880859375]",0,DN,0.0,0.9765755716675962,-0.001673173452314547,404.36666666666906,0.0,,,,,,
219.0170249837161,scheduling,,"[1.0,3.0,3.0,5.0,197.83023071289062,145.15895080566406,0.0,0.75]",,,,,,,,3,3,True,"{""mid"":1,""t0"":219.0170249837161,""t1"":254.94994390643177,""jid"":2,""oid"":4}",448.25542794921955,False
224.58577596418107,maintenance,0,"[0.953125,-0.01785714365541935,36.57500076293945,0.0,0.3531250059604645,0.653124988079071,0.0,0.0,0.0,224.5857696533203]",0,DN,0.0,0.953125,-0.017857142857142905,36.5749999999999,0.0,,,,,,
224.58577596418107,scheduling,,"[1.0,2.0,2.0,5.0,191.04885864257812,139.5902099609375,0.0,0.75]",,,,,,,,3,2,True,"{""mid"":0,""t0"":224.58577596418107,""t1"":246.75979350142276,""jid"":3,""oid"":1}",494.9605945487086,False
234.74492668055737,maintenance,2,"[0.9260450005531311,-0.027331190183758736,22.905881881713867,0.0,0.3260450065135956,0.6260449886322021,0.0,0.0,0.0,234.74493408203125]",0,DN,0.0,0.9260450160771704,-0.027331189710610992,22.905882352941127,0.0,,,,,,
234.74492668055737,scheduling,,"[1.0,2.0,2.0,5.0,180.88970947265625,129.43104553222656,0.0,0.75]",,,,,,,,3,2,True,"{""mid"":2,""t0"":234.74492668055737,""t1"":258.2380874343967,""jid"":3,""oid"":1}",494.9605945487086,False
243.47372111409484,maintenance,3,"[0.9505987763404846,-0.026946106925606728,24.14444351196289,0.0,0.3505988121032715,0.6505988240242004,0.0,0.0,0.0,243.47372436523438]",0,DN,0.0,0.9505988023952096,-0.026946107784431184,24.144444444444403,0.0,,,,,,
243.47372111409484,scheduling,,"[1.0,2.0,2.0,5.0,187.65223693847656,151.68490600585938,0.0,0.75]",,,,,,,,3,2,True,"{""mid"":3,""t0"":243.47372111409484,""t1"":266.5680469497191,""jid"":3,""oid"":2}",494.9605945487086,False
246.75979350142276,maintenance,0,"[0.9419642686843872,-0.01116071455180645,57.52000045776367,0.0,0.3419642746448517,0.6419642567634583,0.0,0.0,0.0,246.75979614257812]",0,DN,0.0,0.9419642857142857,-0.011160714285714302,57.519999999999925,0.0,,,,,,
246.75979350142276,scheduling,,"[1.0,2.0,2.0,4.0,199.08946228027344,177.84544372558594,0.0,0.75]",,,,,,,,3,2,True,"{""mid"":0,""t0"":246.75979350142276,""t1"":291.62806917806097,""jid"":4,""oid"":0}",647.9734600419254,False
254.94994390643177,maintenance,1,"[0.9676519632339478,-0.008923592045903206,74.8187484741211,0.0,0.36765196919441223,0.6676519513130188,0.0,0.0,0.0,254.949951171875]",0,DN,0.0,0.9676519799219185,-0.008923591745677695,74.8187499999995,0.0,,,,,,
254.94994390643177,scheduling,,"[1.0,3.0,3.0,5.0,156.92074584960938,88.96363067626953,0.0,0.75]",,,,,,,,3,2,True,"{""mid"":1,""t0"":254.94994390643177,""t1"":285.91742253346536,""jid"":3,""oid"":3}",494.9605945487086,False
258.2380874343967,maintenance,2,"[0.909967839717865,-0.01607717014849186,37.939998626708984,0.0,0.30996784567832947,0.609967827796936,0.0,0.0,0.0,258.23809814453125]",0,DN,0.0,0.909967845659164,-0.01607717041800638,37.94000000000012,0.0,,,,,,
258.2380874343967,scheduling,,"[1.0,3.0,3.0,5.0,161.95884704589844,85.67548370361328,0.0,0.75]",,,,,,,,3,2,True,"{""mid"":2,""t0"":258.2380874343967,""t1"":293.4071133569314,""jid"":5,""oid"":0}",405.37513641510407,False
266.5680469497191,maintenance,3,"[0.9356287717819214,-0.014970059506595135,42.459999084472656,0.0,0.3356287479400635,0.6356287598609924,0.0,0.0,0.0,266.56805419921875]",0,DN,0.0,0.9356287425149701,-0.014970059880239472,42.460000000000136,0.0,,,,,,
266.5680469497191,scheduling,,"[1.0,2.0,2.0,5.0,138.9353790283203,77.34552764892578,0.0,0.75]",,,,,,,,3,2,True,"{""mid"":3,""t0"":266.5680469497191,""t1"":303.58815470736965,""jid"":4,""oid"":0}",647.9734600419254,False
285.91742253346536,maintenance,1,"[0.9604015350341797,-0.007250418420881033,91.0846176147461,0.0,0.36040157079696655,0.6604015827178955,0.0,0.0,0.0,285.91741943359375]",0,DN,0.0,0.9604015616285555,-0.007250418293363037,91.0846153846159,0.0,,,,,,
285.91742253346536,scheduling,,"[1.0,3.0,3.0,6.0,130.48583984375,57.996150970458984,0.0,0.75]",,,,,,,,3,2,True,"{""mid"":1,""t0"":285.91742253346536,""t1"":291.6849407946199,""jid"":5,""oid"":0}",405.37513641510407,False
291.62806917806097,maintenance,0,"[0.9207589030265808,-0.02120535634458065,29.273683547973633,0.0,0.3207589387893677,0.6207589507102966,0.0,0.0,0.0,291.6280822753906]",0,DN,0.0,0.9207589285714286,-0.021205357142857095,29.27368421052638,0.0,,,,,,
291.62806917806097,scheduling,,"[1.0,3.0,3.0,6.0,138.4232635498047,52.28550338745117,0.0,0.75]",,,,,,,,3,2,True,"{""mid"":0,""t0"":291.62806917806097,""t1"":324.1759800968381,""jid"":4,""oid"":1}",647.9734600419254,False
291.6849407946199,maintenance,1,"[0.9587283730506897,-0.001673173508606851,393.70001220703125,0.0,0.3587283790111542,0.6587283611297607,0.0,0.0,0.0,291.6849365234375]",0,DN,0.0,0.958728388176241,-0.001673173452314547,393.70000000000226,0.0,,,,,,
291.6849407946199,scheduling,,"[1.0,3.0,3.0,6.0,149.14898681640625,84.57643127441406,0.0,0.75]",,,,,,,,3,2,True,"{""mid"":1,""t0"":291.6849407946199,""t1"":331.81189459691655,""jid"":4,""oid"":1}",647.9734600419254,False
293.4071133569314,maintenance,2,"[0.8858520984649658,-0.024115756154060364,24.293333053588867,0.0,0.2858521044254303,0.5858520865440369,0.0,0.0,0.0,293.4071044921875]",0,DN,0.0,0.8858520900321544,-0.024115755627009627,24.293333333333358,0.0,,,,,,
293.4071133569314,scheduling,,"[1.0,2.0,2.0,6.0,179.71310424804688,144.79583740234375,0.0,0.75]",,,,,,,,3,2,True,"{""mid"":2,""t0"":293.4071133569314,""t1"":330.4557517048938,""jid"":4,""oid"":1}",647.9734600419254,False
303.58815470736965,maintenance,3,"[0.9116766452789307,-0.023952096700668335,25.537500381469727,0.0,0.31167665123939514,0.6116766333580017,0.0,0.0,0.0,303.5881652832031]",0,DN,0.0,0.9116766467065869,-0.0239520958083832,25.537500000000037,0.0,,,,,,
303.58815470736965,scheduling,,"[1.0,2.0,2.0,6.0,185.6895751953125,134.61480712890625,0.0,0.75]",,,,,,,,3,2,True,"{""mid"":3,""t0"":303.58815470736965,""t1"":345.3229035693561,""jid"":4,""oid"":2}",647.9734600419254,False
324.1759800968381,maintenance,0,"[0.9040178656578064,-0.0167410708963871,36.08000183105469,0.0,0.3040178716182709,0.6040178537368774,0.0,0.0,0.0,324.1759948730469]",0,DN,0.0,0.9040178571428571,-0.016741071428571508,36.07999999999983,0.0,,,,,,
324.1759800968381,scheduling,,"[1.0,2.0,2.0,5.0,186.67953491210938,114.0269775390625,0.0,0.75]",,,,,,,,3,3,True,"{""mid"":0,""t0"":324.1759800968381,""t1"":350.8158552595442,""jid"":4,""oid"":3}",647.9734600419254,False
330.4557517048938,maintenance,2,"[0.8585209250450134,-0.027331190183758736,20.435293197631836,0.0,0.2585209012031555,0.5585209131240845,0.0,0.0,0.0,330.45574951171875]",0,DN,0.0,0.8585209003215434,-0.027331189710610992,20.435294117647015,0.0,,,,,,
330.4557517048938,scheduling,,"[1.0,3.0,3.0,4.0,174.5387725830078,107.74720001220703,0.0,0.75]",,,,,,,,3,3,True,"{""mid"":2,""t0"":330.4557517048938,""t1"":341.30218552213137,""jid"":4,""oid"":4}",647.9734600419254,False
331.81189459691655,maintenance,1,"[0.9492470622062683,-0.009481316432356834,68.47647094726562,0.0,0.3492470681667328,0.6492470502853394,0.0,0.0,0.0,331.8118896484375]",0,DN,0.0,0.9492470719464584,-0.009481316229782544,68.47647058823489,0.0,,,,,,
331.81189459691655,scheduling,,"[1.0,2.0,2.0,4.0,116.22382354736328,106.39105987548828,0.0,0.75]",,,,,,,,3,2,True,"{""mid"":1,""t0"":331.81189459691655,""t1"":342.5959078130616,""jid"":7,""oid"":0}",543.1966847971987,False
341.30218552213137,maintenance,2,"[0.852090060710907,-0.006430868059396744,85.8499984741211,0.0,0.2520900368690491,0.552090048789978,0.0,0.0,0.0,341.30218505859375]",0,DN,0.0,0.8520900321543409,-0.006430868167202508,85.85000000000088,0.0,,,,,,
341.30218552213137,scheduling,,"[1.0,2.0,2.0,4.0,106.73353576660156,96.90077209472656,0.0,0.75]",,,,,,,,1,2,True,"{""mid"":2,""t0"":341.30218552213137,""t1"":355.44479655505194,""jid"":6,""oid"":0}",545.2690842325487,False
342.5959078130616,maintenance,1,"[0.9464584589004517,-0.00278862239792943,231.82000732421875,0.0,0.34645843505859375,0.6464584469795227,0.0,0.0,0.0,342.5959167480469]",0,DN,0.0,0.9464584495259342,-0.002788622420524245,231.82000000000136,0.0,,,,,,
345.3229035693561,maintenance,3,"[0.8877245783805847,-0.023952096700668335,24.537500381469727,0.0,0.2877245545387268,0.5877245664596558,0.0,0.0,0.0,345.3229064941406]",0,DN,0.0,0.8877245508982036,-0.02395209580838331,24.537499999999923,0.0,,,,,,
345.3229035693561,scheduling,,"[2.0,2.0,2.0,4.0,114.34893798828125,92.88005065917969,0.0,0.5]",,,,,,,,3,2,True,"{""mid"":3,""t0"":345.3229035693561,""t1"":358.3889481233154,""jid"":6,""oid"":0}",545.2690842325487,False
350.8158552595442,maintenance,0,"[0.8928571343421936,-0.01116071455180645,53.119998931884766,0.0,0.2928571403026581,0.5928571224212646,0.0,0.0,0.0,350.81585693359375]",0,DN,0.0,0.8928571428571429,-0.01116071428571419,53.120000000000466,0.0,,,,,,
350.8158552595442,scheduling,,"[2.0,2.0,2.0,4.0,108.85598754882812,87.38710021972656,0.0,0.5]",,,,,,,,3,2,True,"{""mid"":0,""t0"":350.8158552595442,""t1"":361.0953097221246,""jid"":7,""oid"":1}",543.1966847971987,False
355.44479655505194,maintenance,2,"[0.8424437046051025,-0.009646302089095116,56.233333587646484,0.0,0.2424437254667282,0.5424437522888184,0.0,0.0,0.0,355.4447937011719]",0,DN,0.0,0.842443729903537,-0.009646302250803873,56.23333333333325,0.0,,,,,,
355.44479655505194,scheduling,,"[2.0,2.0,2.0,4.0,111.02920532226562,96.36248779296875,0.0,0.5]",,,,,,,,3,2,True,"{""mid"":1,""t0"":355.44479655505194,""t1"":397.5886377175688,""jid"":6,""oid"":1}",545.2690842325487,False
358.3889481233154,maintenance,3,"[0.8817365169525146,-0.005988024175167084,97.1500015258789,0.0,0.2817365229129791,0.5817365050315857,0.0,0.0,0.0,358.3889465332031]",0,DN,0.0,0.8817365269461078,-0.0059880239520957446,97.15000000000106,0.0,,,,,,
358.3889481233154,scheduling,,"[2.0,2.0,2.0,4.0,123.35009002685547,122.75177764892578,0.0,0.5]",,,,,,,,3,2,True,"{""mid"":2,""t0"":358.3889481233154,""t1"":363.49120310210054,""jid"":6,""oid"":2}",545.2690842325487,False
361.0953097221246,maintenance,0,"[0.8895089030265808,-0.0033482143189758062,176.06666564941406,0.0,0.2895089387893677,0.5895089507102966,0.0,0.0,0.0,361.0953063964844]",0,DN,0.0,0.8895089285714286,-0.0033482142857143016,176.06666666666584,0.0,,,,,,
361.0953097221246,scheduling,,"[2.0,2.0,2.0,4.0,128.99661254882812,121.2420425415039,0.0,0.5]",,,,,,,,3,2,True,"{""mid"":0,""t0"":361.0953097221246,""t1"":372.8221252226361,""jid"":6,""oid"":2}",545.2690842325487,False
363.49120310210054,maintenance,2,"[0.8408359885215759,-0.001607717014849186,336.3999938964844,0.0,0.2408360093832016,0.5408360362052917,0.0,0.0,0.0,363.4912109375]",0,DN,0.0,0.8408360128617364,-0.001607717041800627,336.40000000000344,0.0,,,,,,
363.49120310210054,scheduling,,"[2.0,2.0,2.0,4.0,137.41336059570312,134.35528564453125,0.0,0.5]",,,,,,,,3,2,True,"{""mid"":3,""t0"":363.49120310210054,""t1"":401.2706315957418,""jid"":6,""oid"":3}",545.2690842325487,False
372.8221252226361,maintenance,0,"[0.8839285969734192,-0.005580357275903225,104.63999938964844,0.0,0.2839285731315613,0.5839285850524902,0.0,0.0,0.0,372.8221130371094]",0,DN,0.0,0.8839285714285714,-0.005580357142857206,104.63999999999879,0.0,,,,,,
396.92348067147645,scheduling,,"[2.0,2.0,2.0,4.0,134.49404907226562,100.92301177978516,0.0,0.5]",,,,,,,,3,2,True,"{""mid"":0,""t0"":396.92348067147645,""t1"":428.9163713617486,""jid"":8,""oid"":0}",677.0319820872021,False
397.5886377175688,maintenance,1,"[0.9375348687171936,-0.008923592045903206,71.4437484741211,0.0,0.3375348448753357,0.6375348567962646,0.0,0.0,0.0,397.588623046875]",0,DN,0.0,0.9375348577802566,-0.008923591745677584,71.44375000000042,0.0,,,,,,
397.5886377175688,scheduling,,"[2.0,2.0,2.0,4.0,133.8289031982422,100.25785064697266,0.0,0.5]",,,,,,,,3,2,True,"{""mid"":1,""t0"":397.5886377175688,""t1"":424.96958290826194,""jid"":8,""oid"":0}",677.0319820872021,False
401.2706315957418,maintenance,3,"[0.8592814207077026,-0.022455090656876564,24.906665802001953,0.0,0.2592814266681671,0.5592814087867737,0.0,0.0,0.0,401.2706298828125]",0,DN,0.0,0.8592814371257484,-0.022455089820359375,24.90666666666656,0.0,,,,,,
401.2706315957418,scheduling,,"[2.0,2.0,2.0,4.0,130.14691162109375,96.57585906982422,0.0,0.5]",,,,,,,,3,2,True,"{""mid"":3,""t0"":401.2706315957418,""t1"":437.2398542965704,""jid"":7,""oid"":2}",543.1966847971987,False
424.96958290826194,maintenance,1,"[0.9319576025009155,-0.00557724479585886,113.30999755859375,0.0,0.33195760846138,0.6319575905799866,0.0,0.0,0.0,424.9695739746094]",0,DN,0.0,0.931957612939208,-0.005577244841048601,113.30999999999838,0.0,,,,,,
424.96958290826194,scheduling,,"[2.0,2.0,2.0,4.0,123.04927825927734,72.87690734863281,0.0,0.5]",,,,,,,,3,2,True,"{""mid"":2,""t0"":424.96958290826194,""t1"":438.53601972241955,""jid"":8,""oid"":1}",677.0319820872021,False
428.9163713617486,maintenance,0,"[0.8705357313156128,-0.013392857275903225,42.599998474121094,0.0,0.2705357074737549,0.5705357193946838,0.0,0.0,0.0,428.9163818359375]",0,DN,0.0,0.8705357142857143,-0.013392857142857095,42.60000000000016,0.0,,,,,,
428.9163713617486,scheduling,,"[2.0,2.0,2.0,4.0,129.22096252441406,68.93012237548828,0.0,0.5]",,,,,,,,3,2,True,"{""mid"":1,""t0"":428.9163713617486,""t1"":448.5876310244457,""jid"":8,""oid"":2}",677.0319820872021,False
437.2398542965704,maintenance,3,"[0.839820384979248,-0.019461078569293022,27.738462448120117,0.0,0.23982036113739014,0.5398203730583191,0.0,0.0,0.0,437.2398681640625]",0,DN,0.0,0.8398203592814372,-0.01946107784431128,27.73846153846168,0.0,,,,,,
437.2398542965704,scheduling,,"[2.0,2.0,2.0,4.0,138.88209533691406,96.57585906982422,0.0,0.5]",,,,,,,,3,2,True,"{""mid"":3,""t0"":437.2398542965704,""t1"":461.30212403872036,""jid"":8,""oid"":2}",677.0319820872021,False
438.53601972241955,maintenance,2,"[0.8311896920204163,-0.009646302089095116,55.06666564941406,0.0,0.23118971288204193,0.5311897397041321,0.0,0.0,0.0,438.5360107421875]",0,DN,0.0,0.8311897106109325,-0.009646302250803873,55.06666666666658,0.0,,,,,,
438.53601972241955,scheduling,,"[2.0,2.0,2.0,4.0,152.1518096923828,95.27969360351562,0.0,0.5]",,,,,,,,3,3,True,"{""mid"":2,""t0"":438.53601972241955,""t1"":468.00807149064457,""jid"":8,""oid"":3}",677.0319820872021,False
448.5876310244457,maintenance,1,"[0.9280535578727722,-0.0039040714036673307,160.87142944335938,0.0,0.3280535340309143,0.6280535459518433,0.0,0.0,0.0,448.5876159667969]",0,DN,0.0,0.928053541550474,-0.003904071388733943,160.87142857142948,0.0,,,,,,
448.5876310244457,scheduling,,"[2.0,1.0,1.0,4.0,85.22808074951172,85.22808074951172,0.0,0.5]",,,,,,,,1,0,True,"{""mid"":1,""t0"":448.5876310244457,""t1"":457.96860173398323,""jid"":7,""oid"":3}",543.1966847971987,False
457.96860173398323,maintenance,1,"[0.9258226156234741,-0.0022308980114758015,280.5249938964844,0.0,0.325822651386261,0.6258226633071899,0.0,0.0,0.0,457.9685974121094]",0,DN,0.0,0.9258226436140546,-0.002230897936419396,280.52500000000157,0.0,,,,,,
460.72794086738963,scheduling,,"[2.0,1.0,1.0,4.0,252.92698669433594,252.92698669433594,0.0,0.5]",,,,,,,,3,3,True,"{""mid"":0,""t0"":460.72794086738963,""t1"":490.98643851832884,""jid"":9,""oid"":0}",882.2729293511189,False
461.30212403872036,maintenance,3,"[0.826347291469574,-0.013473053462803364,39.06666564941406,0.0,0.22634731233119965,0.526347279548645,0.0,0.0,0.0,461.3021240234375]",0,DN,0.0,0.8263473053892215,-0.013473053892215647,39.06666666666644,0.0,,,,,,
461.30212403872036,scheduling,,"[2.0,1.0,1.0,4.0,252.35281372070312,252.35281372070312,0.0,0.5]",,,,,,,,3,3,True,"{""mid"":3,""t0"":461.30212403872036,""t1"":491.31365959594126,""jid"":9,""oid"":0}",882.2729293511189,False
468.00807149064457,maintenance,2,"[0.8135048151016235,-0.01768488809466362,29.03636360168457,0.0,0.213504821062088,0.5135048031806946,0.0,0.0,0.0,468.008056640625]",0,DN,0.0,0.8135048231511254,-0.01768488745980712,29.036363636363564,0.0,,,,,,
468.00807149064457,scheduling,,"[2.0,1.0,1.0,4.0,245.64686584472656,245.64686584472656,0.0,0.5]",,,,,,,,3,3,True,"{""mid"":2,""t0"":468.00807149064457,""t1"":490.9962476322381,""jid"":9,""oid"":0}",882.2729293511189,False
480.0178211816288,scheduling,,"[1.0,2.0,2.0,4.0,242.86874389648438,233.63711547851562,0.0,0.75]",,,,,,,,3,2,True,"{""mid"":1,""t0"":480.0178211816288,""t1"":527.0622246613239,""jid"":9,""oid"":0}",882.2729293511189,False
490.98643851832884,maintenance,0,"[0.8560267686843872,-0.014508928172290325,38.32307815551758,0.0,0.2560267746448517,0.5560267567634583,0.0,0.0,0.0,490.9864501953125]",0,DN,0.0,0.8560267857142857,-0.014508928571428603,38.32307692307684,0.0,,,,,,
490.9962476322381,maintenance,2,"[0.8006430864334106,-0.012861736118793488,38.92499923706055,0.0,0.20064309239387512,0.5006430745124817,0.0,0.0,0.0,490.9962463378906]",0,DN,0.0,0.8006430868167203,-0.012861736334405127,38.92500000000005,0.0,,,,,,
490.9962476322381,scheduling,,"[2.0,2.0,2.0,4.0,273.05865478515625,241.12193298339844,0.0,0.5]",,,,,,,,0,4,True,"{""mid"":0,""t0"":490.9962476322381,""t1"":508.97867024795323,""jid"":9,""oid"":2}",882.2729293511189,False
491.31365959594126,maintenance,3,"[0.809880256652832,-0.01646706648170948,30.96363639831543,0.0,0.20988023281097412,0.5098802447319031,0.0,0.0,0.0,491.31365966796875]",0,DN,0.0,0.8098802395209581,-0.01646706586826341,30.963636363636486,0.0,,,,,,
508.97867024795323,maintenance,0,"[0.8493303656578064,-0.0066964286379516125,82.03333282470703,0.0,0.24933035671710968,0.5493303537368774,0.0,0.0,0.0,508.9786682128906]",0,DN,0.0,0.8493303571428571,-0.006696428571428603,82.03333333333295,0.0,,,,,,
508.97867024795323,scheduling,,"[3.0,2.0,2.0,4.0,292.21539306640625,223.13951110839844,0.0,0.25]",,,,,,,,0,3,True,"{""mid"":0,""t0"":508.97867024795323,""t1"":520.0192923232448,""jid"":9,""oid"":4}",882.2729293511189,False
520.0192923232448,maintenance,0,"[0.8448660969734192,-0.004464285913854837,122.05000305175781,0.0,0.24486607313156128,0.5448660850524902,0.0,0.0,0.0,520.019287109375]",0,DN,0.0,0.8448660714285714,-0.004464285714285698,122.05000000000042,0.0,,,,,,
527.0622246613239,maintenance,1,"[0.9163413047790527,-0.009481316432356834,65.0058822631836,0.0,0.3163413405418396,0.6163413524627686,0.0,0.0,0.0,527.0621948242188]",0,DN,0.0,0.9163413273842722,-0.009481316229782433,65.00588235294155,0.0,,,,,,
527.0622246613239,scheduling,,"[4.0,1.0,1.0,4.0,205.05596923828125,205.05596923828125,0.0,0.0]",,,,,,,,0,4,True,"{""mid"":1,""t0"":527.0622246613239,""t1"":561.3303896701439,""jid"":10,""oid"":0}",900.1850972264609,False
561.3303896701439,maintenance,1,"[0.9096486568450928,-0.006692694034427404,91.09166717529297,0.0,0.30964863300323486,0.6096486449241638,0.0,0.0,0.0,561.3303833007812]",0,DN,0.0,0.9096486335750139,-0.006692693809258299,91.09166666666569,0.0,,,,,,
561.3303896701439,scheduling,,"[4.0,1.0,1.0,3.0,205.05596923828125,205.05596923828125,0.0,0.0]",,,,,,,,0,4,True,"{""mid"":2,""t0"":561.3303896701439,""t1"":578.0005873997706,""jid"":10,""oid"":1}",900.1850972264609,False
564.2717200334362,scheduling,,"[3.0,2.0,2.0,4.0,164.17897033691406,126.24329376220703,0.0,0.25]",,,,,,,,0,4,True,"{""mid"":3,""t0"":564.2717200334362,""t1"":612.9754053896884,""jid"":10,""oid"":1}",900.1850972264609,False
578.0005873997706,maintenance,2,"[0.790996789932251,-0.009646302089095116,50.900001525878906,0.0,0.19099678099155426,0.490996778011322,0.0,0.0,0.0,578.0006103515625]",0,DN,0.0,0.7909967845659164,-0.009646302250803873,50.89999999999992,0.0,,,,,,
578.0005873997706,scheduling,,"[3.0,2.0,2.0,4.0,166.79356384277344,112.5144271850586,0.0,0.25]",,,,,,,,0,4,True,"{""mid"":1,""t0"":578.0005873997706,""t1"":607.5117239006101,""jid"":10,""oid"":2}",900.1850972264609,False
578.2098663219704,scheduling,,"[2.0,3.0,3.0,5.0,143.58116149902344,97.57490539550781,0.0,0.5]",,,,,,,,3,3,True,"{""mid"":0,""t0"":578.2098663219704,""t1"":600.6692992634648,""jid"":12,""oid"":0}",740.8347035438613,False
589.7172783098808,scheduling,,"[1.0,4.0,4.0,6.0,136.95423889160156,86.06748962402344,0.0,0.75]",,,,,,,,3,2,True,"{""mid"":2,""t0"":589.7172783098808,""t1"":638.060885880469,""jid"":12,""oid"":0}",740.8347035438613,False
600.6692992634648,maintenance,0,"[0.8337053656578064,-0.01116071455180645,47.81999969482422,0.0,0.23370535671710968,0.5337053537368774,0.0,0.0,0.0,600.6693115234375]",0,DN,0.0,0.8337053571428571,-0.011160714285714302,47.819999999999936,0.0,,,,,,
600.6692992634648,scheduling,,"[1.0,4.0,4.0,5.0,133.8812713623047,89.84571838378906,0.0,0.75]",,,,,,,,3,2,True,"{""mid"":0,""t0"":600.6692992634648,""t1"":631.8606411776475,""jid"":11,""oid"":0}",774.6772146297455,False
607.5117239006101,maintenance,1,"[0.9023982286453247,-0.007250418420881033,83.0846176147461,0.0,0.3023982048034668,0.6023982167243958,0.0,0.0,0.0,607.51171875]",0,DN,0.0,0.9023982152816509,-0.007250418293363037,83.08461538461587,0.0,,,,,,
607.5117239006101,scheduling,,"[1.0,4.0,4.0,5.0,136.80319213867188,83.0032958984375,0.0,0.75]",,,,,,,,3,2,True,"{""mid"":1,""t0"":607.5117239006101,""t1"":629.2218806052568,""jid"":10,""oid"":3}",900.1850972264609,False
612.9754053896884,maintenance,3,"[0.7784430980682373,-0.03143712505698204,15.219047546386719,0.0,0.17844311892986298,0.47844311594963074,0.0,0.0,0.0,612.9754028320312]",0,DN,0.0,0.7784431137724551,-0.03143712574850299,15.219047619047622,0.0,,,,,,
612.9754053896884,scheduling,,"[1.0,4.0,4.0,5.0,139.5579833984375,77.53961181640625,0.0,0.75]",,,,,,,,3,2,True,"{""mid"":3,""t0"":612.9754053896884,""t1"":622.3429500787063,""jid"":10,""oid"":4}",900.1850972264609,False
622.3429500787063,maintenance,3,"[0.7709580659866333,-0.007485029753297567,62.91999816894531,0.0,0.17095808684825897,0.47095808386802673,0.0,0.0,0.0,622.3429565429688]",0,DN,0.0,0.7709580838323353,-0.007485029940119792,62.91999999999974,0.0,,,,,,
622.3429500787063,scheduling,,"[1.0,3.0,3.0,5.0,90.70003509521484,68.17206573486328,0.0,0.75]",,,,,,,,3,2,True,"{""mid"":3,""t0"":622.3429500787063,""t1"":641.2894815571611,""jid"":11,""oid"":0}",774.6772146297455,False
629.2218806052568,maintenance,1,"[0.8968209624290466,-0.00557724479585886,107.01000213623047,0.0,0.2968209683895111,0.5968209505081177,0.0,0.0,0.0,629.2218627929688]",0,DN,0.0,0.8968209704406024,-0.00557724484104849,107.01000000000063,0.0,,,,,,
629.2218806052568,scheduling,,"[1.0,5.0,5.0,7.0,76.03907012939453,34.40174865722656,0.0,0.75]",,,,,,,,3,2,True,"{""mid"":1,""t0"":629.2218806052568,""t1"":677.7897562891377,""jid"":11,""oid"":0}",774.6772146297455,False
631.8606411776475,maintenance,0,"[0.8180803656578064,-0.015625,33.157142639160156,0.0,0.21808035671710968,0.5180803537368774,0.0,0.0,0.0,631.8606567382812]",0,DN,0.0,0.8180803571428571,-0.015625,33.15714285714286,0.0,,,,,,
631.8606411776475,scheduling,,"[1.0,5.0,5.0,7.0,79.98069763183594,31.762989044189453,0.0,0.75]",,,,,,,,3,2,True,"{""mid"":0,""t0"":631.8606411776475,""t1"":681.129723612344,""jid"":11,""oid"":1}",774.6772146297455,False
638.060885880469,maintenance,2,"[0.7572347521781921,-0.03376205638051033,13.54285717010498,0.0,0.15723472833633423,0.4572347402572632,0.0,0.0,0.0,638.0609130859375]",0,DN,0.0,0.7572347266881029,-0.0337620578778135,13.542857142857144,0.0,,,,,,
638.060885880469,scheduling,,"[1.0,4.0,4.0,7.0,74.91554260253906,25.562744140625,0.0,0.75]",,,,,,,,3,2,True,"{""mid"":2,""t0"":638.060885880469,""t1"":658.0744805167145,""jid"":11,""oid"":1}",774.6772146297455,False
641.2894815571611,maintenance,3,"[0.7589820623397827,-0.011976048350334167,38.32500076293945,0.0,0.1589820384979248,0.45898205041885376,0.0,0.0,0.0,641.2894897460938]",0,DN,0.0,0.7589820359281437,-0.0119760479041916,38.32500000000005,0.0,,,,,,
641.2894815571611,scheduling,,"[1.0,5.0,5.0,8.0,88.35648345947266,22.334148406982422,0.0,0.75]",,,,,,,,3,2,True,"{""mid"":3,""t0"":641.2894815571611,""t1"":648.7138775496495,""jid"":11,""oid"":2}",774.6772146297455,False
648.7138775496495,maintenance,3,"[0.7544910311698914,-0.004491018131375313,101.19999694824219,0.0,0.15449102222919464,0.4544910192489624,0.0,0.0,0.0,648.7138671875]",0,DN,0.0,0.7544910179640718,-0.0044910179640719194,101.19999999999857,0.0,,,,,,
648.7138775496495,scheduling,,"[1.0,5.0,5.0,9.0,92.25476837158203,14.909751892089844,0.0,0.75]",,,,,,,,3,2,True,"{""mid"":3,""t0"":648.7138775496495,""t1"":673.462936063129,""jid"":14,""oid"":0}",700.7455983172131,False
658.0744805167145,maintenance,2,"[0.7427652478218079,-0.014469453133642673,30.600000381469727,0.0,0.14276526868343353,0.4427652657032013,0.0,0.0,0.0,658.074462890625]",0,DN,0.0,0.7427652733118971,-0.014469453376205754,30.600000000000072,0.0,,,,,,
658.0744805167145,scheduling,,"[1.0,5.0,5.0,9.0,82.8941650390625,5.549149036407471,0.0,0.75]",,,,,,,,3,2,True,"{""mid"":2,""t0"":658.0744805167145,""t1"":707.4081127871196,""jid"":13,""oid"":0}",842.3767763332678,False
673.462936063129,maintenance,3,"[0.7380239367485046,-0.01646706648170948,26.600000381469727,0.0,0.1380239576101303,0.43802395462989807,0.0,0.0,0.0,673.4629516601562]",0,DN,0.0,0.7380239520958084,-0.01646706586826341,26.600000000000104,0.0,,,,,,
673.462936063129,scheduling,,"[1.0,6.0,6.0,9.0,67.83312225341797,16.250728607177734,0.0,0.75]",,,,,,,,1,2,True,"{""mid"":3,""t0"":673.462936063129,""t1"":699.7591060637382,""jid"":15,""oid"":0}",810.4738598172939,False
677.7897562891377,maintenance,1,"[0.8851087689399719,-0.011712213978171349,49.9571418762207,0.0,0.285108745098114,0.585108757019043,0.0,0.0,0.0,677.7897338867188]",0,DN,0.0,0.8851087562744004,-0.01171221416620194,49.95714285714267,0.0,,,,,,
677.7897562891377,scheduling,,"[1.0,6.0,6.0,9.0,63.50630569458008,11.923908233642578,0.0,0.75]",,,,,,,,1,2,True,"{""mid"":1,""t0"":677.7897562891377,""t1"":688.8216903030695,""jid"":14,""oid"":1}",700.7455983172131,False
681.129723612344,maintenance,0,"[0.7946428656578064,-0.0234375,21.104761123657227,0.0,0.19464285671710968,0.49464285373687744,0.0,0.0,0.0,681.1296997070312]",0,DN,0.0,0.7946428571428571,-0.0234375,21.104761904761904,0.0,,,,,,
681.129723612344,scheduling,,"[1.0,6.0,6.0,8.0,60.16633987426758,8.583940505981445,0.0,0.75]",,,,,,,,1,2,True,"{""mid"":0,""t0"":681.129723612344,""t1"":688.0937953095649,""jid"":13,""oid"":0}",842.3767763332678,False
688.0937953095649,maintenance,0,"[0.7912946343421936,-0.0033482143189758062,146.73333740234375,0.0,0.19129464030265808,0.49129465222358704,0.0,0.0,0.0,688.0938110351562]",0,DN,0.0,0.7912946428571429,-0.0033482142857141906,146.73333333333753,0.0,,,,,,
688.0937953095649,scheduling,,"[1.0,6.0,6.0,8.0,57.893741607666016,1.6198689937591553,0.0,0.75]",,,,,,,,1,2,True,"{""mid"":0,""t0"":688.0937953095649,""t1"":704.2456444647497,""jid"":13,""oid"":1}",842.3767763332678,False
688.8216903030695,maintenance,1,"[0.8823201060295105,-0.00278862239792943,208.82000732421875,0.0,0.28232014179229736,0.5823201537132263,0.0,0.0,0.0,688.8217163085938]",0,DN,0.0,0.8823201338538762,-0.002788622420524245,208.8200000000012,0.0,,,,,,
688.8216903030695,scheduling,,"[1.0,5.0,5.0,8.0,68.42062377929688,28.021434783935547,0.0,0.75]",,,,,,,,1,2,True,"{""mid"":1,""t0"":688.8216903030695,""t1"":698.5790264747409,""jid"":13,""oid"":1}",842.3767763332678,False
698.5790264747409,maintenance,1,"[0.8800892233848572,-0.0022308980114758015,260.0249938964844,0.0,0.28008922934532166,0.5800892114639282,0.0,0.0,0.0,698.5790405273438]",0,DN,0.0,0.8800892359174568,-0.002230897936419396,260.0250000000015,0.0,,,,,,
698.5790264747409,scheduling,,"[1.0,6.0,6.0,9.0,68.17535400390625,18.26409912109375,0.0,0.75]",,,,,,,,1,2,True,"{""mid"":1,""t0"":698.5790264747409,""t1"":719.6594033210316,""jid"":16,""oid"":0}",881.6344774044551,False
699.7591060637382,maintenance,3,"[0.7215569019317627,-0.01646706648170948,25.600000381469727,0.0,0.12155688554048538,0.42155689001083374,0.0,0.0,0.0,699.7590942382812]",0,DN,0.0,0.7215568862275449,-0.01646706586826352,25.599999999999927,0.0,,,,,,
699.7591060637382,scheduling,,"[1.0,6.0,6.0,9.0,70.1150894165039,17.08401870727539,0.0,0.75]",,,,,,,,3,2,True,"{""mid"":3,""t0"":699.7591060637382,""t1"":743.6843161805226,""jid"":13,""oid"":2}",842.3767763332678,False
704.2456444647497,maintenance,0,"[0.7823660969734192,-0.008928571827709675,54.025001525878906,0.0,0.18236607313156128,0.48236608505249023,0.0,0.0,0.0,704.2456665039062]",0,DN,0.0,0.7823660714285714,-0.008928571428571508,54.024999999999515,0.0,,,,,,
704.2456444647497,scheduling,,"[1.0,6.0,6.0,10.0,71.1014633178711,12.597479820251465,0.0,0.75]",,,,,,,,1,2,True,"{""mid"":0,""t0"":704.2456444647497,""t1"":722.3412910900478,""jid"":15,""oid"":1}",810.4738598172939,False
707.4081127871196,maintenance,2,"[0.7073954939842224,-0.03536977618932724,11.518181800842285,0.0,0.10739549994468689,0.40739551186561584,0.0,0.0,0.0,707.4081420898438]",0,DN,0.0,0.707395498392283,-0.03536977491961413,11.518181818181827,0.0,,,,,,
707.4081127871196,scheduling,,"[1.0,6.0,6.0,10.0,67.93899536132812,9.435011863708496,0.0,0.75]",,,,,,,,1,2,True,"{""mid"":2,""t0"":707.4081127871196,""t1"":717.4134875123362,""jid"":16,""oid"":0}",881.6344774044551,False
717.4134875123362,maintenance,2,"[0.700964629650116,-0.006430868059396744,62.349998474121094,0.0,0.10096462815999985,0.400964617729187,0.0,0.0,0.0,717.4135131835938]",0,DN,0.0,0.7009646302250804,-0.006430868167202619,62.34999999999955,0.0,,,,,,
717.4134875123362,scheduling,,"[1.0,7.0,7.0,11.0,66.07595825195312,-0.5703628063201904,0.1428571492433548,0.75]",,,,,,,,1,2,True,"{""mid"":2,""t0"":717.4134875123362,""t1"":737.2339479710647,""jid"":18,""oid"":0}",766.896434846138,False
719.6594033210316,maintenance,1,"[0.8750697374343872,-0.0050195204094052315,114.56666564941406,0.0,0.2750697135925293,0.5750697255134583,0.0,0.0,0.0,719.659423828125]",0,DN,0.0,0.8750697155605132,-0.005019520356943641,114.56666666666733,0.0,,,,,,
719.6594033210316,scheduling,,"[1.0,7.0,7.0,11.0,69.57264709472656,-2.8162786960601807,0.1428571492433548,0.75]",,,,,,,,1,2,True,"{""mid"":1,""t0"":719.6594033210316,""t1"":731.202874311491,""jid"":18,""oid"":0}",766.896434846138,False
722.3412910900478,maintenance,0,"[0.7745535969734192,-0.0078125,60.74285888671875,0.0,0.17455357313156128,0.47455358505249023,0.0,0.0,0.0,722.34130859375]",0,DN,0.0,0.7745535714285714,-0.0078125,60.74285714285714,0.0,,,,,,
722.3412910900478,scheduling,,"[1.0,7.0,7.0,11.0,69.2254409790039,-5.498166561126709,0.1428571492433548,0.75]",,,,,,,,1,2,True,"{""mid"":0,""t0"":722.3412910900478,""t1"":755.8795020269779,""jid"":18,""oid"":0}",766.896434846138,False
731.202874311491,maintenance,1,"[0.8722810745239258,-0.00278862239792943,205.22000122070312,0.0,0.27228108048439026,0.5722811222076416,0.0,0.0,0.0,731.202880859375]",0,DN,0.0,0.8722810931399888,-0.002788622420524356,205.21999999999304,0.0,,,,,,
731.202874311491,scheduling,,"[1.0,9.0,9.0,13.0,77.48846435546875,8.309897422790527,0.0,0.75]",,,,,,,,1,2,True,"{""mid"":1,""t0"":731.202874311491,""t1"":760.1256354485453,""jid"":17,""oid"":0}",961.8655381986384,False
737.2339479710647,maintenance,2,"[0.6864951848983765,-0.014469453133642673,26.711111068725586,0.0,0.08649517595767975,0.3864951729774475,0.0,0.0,0.0,737.2339477539062]",0,DN,0.0,0.6864951768488746,-0.014469453376205754,26.711111111111176,0.0,,,,,,
737.2339479710647,scheduling,,"[1.0,8.0,8.0,13.0,80.1047134399414,21.37984275817871,0.0,0.75]",,,,,,,,1,2,True,"{""mid"":2,""t0"":737.2339479710647,""t1"":767.9111783948786,""jid"":15,""oid"":2}",810.4738598172939,False
743.6843161805226,maintenance,3,"[0.6916167736053467,-0.02994011901319027,13.079999923706055,0.0,0.09161676466464996,0.3916167616844177,0.0,0.0,0.0,743.684326171875]",0,DN,0.0,0.6916167664670658,-0.029940119760479056,13.079999999999993,0.0,,,,,,
743.6843161805226,scheduling,,"[1.0,9.0,9.0,14.0,74.3037109375,14.929473876953125,0.0,0.75]",,,,,,,,1,2,True,"{""mid"":3,""t0"":743.6843161805226,""t1"":783.5735883956136,""jid"":15,""oid"":2}",810.4738598172939,False
755.8795020269779,maintenance,0,"[0.7578125,-0.0167410708963871,27.34666633605957,0.0,0.15781250596046448,0.45781248807907104,0.0,0.0,0.0,755.8795166015625]",0,DN,0.0,0.7578125,-0.016741071428571397,27.34666666666672,0.0,,,,,,
755.8795020269779,scheduling,,"[1.0,9.0,9.0,14.0,62.108524322509766,2.734288454055786,0.0,0.75]",,,,,,,,1,2,True,"{""mid"":0,""t0"":755.8795020269779,""t1"":761.1084294020942,""jid"":15,""oid"":2}",810.4738598172939,False
760.1256354485453,maintenance,1,"[0.8650306463241577,-0.007250418420881033,77.93077087402344,0.0,0.2650306820869446,0.5650306940078735,0.0,0.0,0.0,760.1256103515625]",0,DN,0.0,0.8650306748466258,-0.007250418293363037,77.93076923076968,0.0,,,,,,
760.1256354485453,scheduling,,"[1.0,9.0,9.0,14.0,60.442962646484375,-1.5118449926376343,0.1111111119389534,0.75]",,,,,,,,1,2,True,"{""mid"":1,""t0"":760.1256354485453,""t1"":775.7544940159337,""jid"":19,""oid"":0}",866.4011189516073,False
761.1084294020942,maintenance,0,"[0.7555803656578064,-0.0022321429569274187,204.10000610351562,0.0,0.15558035671710968,0.45558035373687744,0.0,0.0,0.0,761.1084594726562]",0,DN,0.0,0.7555803571428571,-0.0022321428571429047,204.09999999999565,0.0,,,,,,
761.1084294020942,scheduling,,"[1.0,9.0,9.0,14.0,62.26740646362305,22.770503997802734,0.0,0.75]",,,,,,,,1,2,True,"{""mid"":0,""t0"":761.1084294020942,""t1"":768.2680443609686,""jid"":20,""oid"":0}",948.9419232962183,False
767.9111783948786,maintenance,2,"[0.6655948758125305,-0.020900322124361992,17.492307662963867,0.0,0.06559485197067261,0.36559486389160156,0.0,0.0,0.0,767.9111938476562]",0,DN,0.0,0.6655948553054662,-0.020900321543408373,17.492307692307683,0.0,,,,,,
767.9111783948786,scheduling,,"[1.0,9.0,9.0,14.0,70.08143615722656,17.413814544677734,0.0,0.75]",,,,,,,,1,2,True,"{""mid"":2,""t0"":767.9111783948786,""t1"":790.4060295137414,""jid"":16,""oid"":2}",881.6344774044551,False
768.2680443609686,maintenance,0,"[0.7511160969734192,-0.004464285913854837,101.05000305175781,0.0,0.15111607313156128,0.45111608505249023,0.0,0.0,0.0,768.26806640625]",0,DN,0.0,0.7511160714285714,-0.004464285714285698,101.05000000000035,0.0,,,,,,
768.2680443609686,scheduling,,"[1.0,9.0,9.0,14.0,72.5318374633789,17.056947708129883,0.0,0.75]",,,,,,,,1,2,True,"{""mid"":0,""t0"":768.2680443609686,""t1"":801.0173962858995,""jid"":20,""oid"":1}",948.9419232962183,False
775.7544940159337,maintenance,1,"[0.8611266016960144,-0.0039040714036673307,143.72857666015625,0.0,0.2611266076564789,0.5611265897750854,0.0,0.0,0.0,775.7545166015625]",0,DN,0.0,0.8611266034578918,-0.003904071388733943,143.72857142857228,0.0,,,,,,
775.7544940159337,scheduling,,"[1.0,9.0,9.0,14.0,67.76634216308594,34.059043884277344,0.0,0.75]",,,,,,,,1,0,True,"{""mid"":1,""t0"":775.7544940159337,""t1"":820.3245596343755,""jid"":24,""oid"":0}",896.3828456996499,False
783.5735883956136,maintenance,3,"[0.666167676448822,-0.025449100881814957,14.388235092163086,0.0,0.0661676675081253,0.36616766452789307,0.0,0.0,0.0,783.5736083984375]",0,DN,0.0,0.6661676646706587,-0.025449101796407136,14.388235294117676,0.0,,,,,,
783.5735883956136,scheduling,,"[1.0,9.0,9.0,13.0,59.94724655151367,26.23995018005371,0.0,0.75]",,,,,,,,1,0,True,"{""mid"":3,""t0"":783.5735883956136,""t1"":802.0010394304337,""jid"":19,""oid"":1}",866.4011189516073,False
790.4060295137414,maintenance,2,"[0.6495176553726196,-0.01607717014849186,21.739999771118164,0.0,0.0495176836848259,0.34951767325401306,0.0,0.0,0.0,790.406005859375]",0,DN,0.0,0.6495176848874598,-0.016077170418006492,21.739999999999913,0.0,,,,,,
790.4060295137414,scheduling,,"[1.0,10.0,10.0,13.0,63.755226135253906,19.407508850097656,0.0,0.75]",,,,,,,,1,2,True,"{""mid"":2,""t0"":790.4060295137414,""t1"":839.8140893540184,""jid"":17,""oid"":1}",961.8655381986384,False
801.0173962858995,maintenance,0,"[0.7354910969734192,-0.015625,27.871429443359375,0.0,0.13549107313156128,0.43549108505249023,0.0,0.0,0.0,801.0173950195312]",0,DN,0.0,0.7354910714285714,-0.015625,27.87142857142857,0.0,,,,,,
801.0173962858995,scheduling,,"[1.0,10.0,10.0,13.0,56.49756622314453,8.796141624450684,0.0,0.75]",,,,,,,,1,2,True,"{""mid"":0,""t0"":801.0173962858995,""t1"":823.4423152802694,""jid"":20,""oid"":2}",948.9419232962183,False
802.0010394304337,maintenance,3,"[0.6541916131973267,-0.011976048350334167,29.575000762939453,0.0,0.05419161543250084,0.3541916310787201,0.0,0.0,0.0,802.0010375976562]",0,DN,0.0,0.6541916167664671,-0.0119760479041916,29.575000000000045,0.0,,,,,,
802.0010394304337,scheduling,,"[1.0,10.0,10.0,13.0,57.873531341552734,9.939172744750977,0.0,0.75]",,,,,,,,1,2,True,"{""mid"":3,""t0"":802.0010394304337,""t1"":828.00175652746,""jid"":16,""oid"":3}",881.6344774044551,False
820.3245596343755,maintenance,1,"[0.8505298495292664,-0.010596765205264091,51.952632904052734,0.0,0.25052982568740845,0.5505298376083374,0.0,0.0,0.0,820.3245849609375]",0,DN,0.0,0.8505298382598996,-0.010596765197992242,51.95263157894712,0.0,,,,,,
820.3245596343755,scheduling,,"[1.0,13.0,13.0,16.0,57.3548469543457,-8.384346961975098,0.07692307978868484,0.75]",,,,,,,,2,2,True,"{""mid"":1,""t0"":820.3245596343755,""t1"":847.4580018437872,""jid"":21,""oid"":0}",903.8288054466641,False
823.4423152802694,maintenance,0,"[0.7243303656578064,-0.01116071455180645,38.02000045776367,0.0,0.12433035671710968,0.42433035373687744,0.0,0.0,0.0,823.4423217773438]",0,DN,0.0,0.7243303571428571,-0.011160714285714302,38.01999999999994,0.0,,,,,,
823.4423152802694,scheduling,,"[1.0,13.0,13.0,15.0,56.68195343017578,-11.502102851867676,0.07692307978868484,0.75]",,,,,,,,2,2,True,"{""mid"":0,""t0"":823.4423152802694,""t1"":868.9323433704122,""jid"":21,""oid"":0}",903.8288054466641,False
828.00175652746,maintenance,3,"[0.6377245783805847,-0.01646706648170948,20.509090423583984,0.0,0.03772455081343651,0.3377245366573334,0.0,0.0,0.0,828.0017700195312]",0,DN,0.0,0.6377245508982036,-0.01646706586826352,20.50909090909085,0.0,,,,,,
828.00175652746,scheduling,,"[1.0,12.0,12.0,14.0,55.03498458862305,-16.06154441833496,0.0833333358168602,0.75]",,,,,,,,2,2,True,"{""mid"":3,""t0"":828.00175652746,""t1"":860.993246738063,""jid"":19,""oid"":2}",866.4011189516073,False
839.8140893540184,maintenance,2,"[0.6125401854515076,-0.03697749227285385,8.452174186706543,0.0,0.012540193274617195,0.312540203332901,0.0,0.0,0.0,839.8140869140625]",0,DN,0.0,0.612540192926045,-0.036977491961414755,8.452173913043486,0.0,,,,,,
839.8140893540184,scheduling,,"[1.0,14.0,14.0,16.0,50.0528450012207,-27.873876571655273,0.1428571492433548,0.75]",,,,,,,,2,2,True,"{""mid"":2,""t0"":839.8140893540184,""t1"":870.1987817974551,""jid"":17,""oid"":2}",961.8655381986384,False
847.4580018437872,maintenance,1,"[0.8438371419906616,-0.006692694034427404,81.25833129882812,0.0,0.2438371479511261,0.5438371300697327,0.0,0.0,0.0,847.4580078125]",0,DN,0.0,0.8438371444506414,-0.006692693809258188,81.2583333333338,0.0,,,,,,
847.4580018437872,scheduling,,"[1.0,15.0,15.0,15.0,51.377906799316406,-14.048373222351074,0.06666667014360428,0.75]",,,,,,,,2,2,True,"{""mid"":1,""t0"":847.4580018437872,""t1"":883.3490771838341,""jid"":21,""oid"":1}",903.8288054466641,False
860.993246738063,maintenance,3,"[0.613772451877594,-0.023952096700668335,13.100000381469727,0.0,0.013772455044090748,0.3137724697589874,0.0,0.0,0.0,860.9932250976562]",0,DN,0.0,0.6137724550898204,-0.0239520958083832,13.10000000000002,0.0,,,,,,
860.993246738063,scheduling,,"[1.0,15.0,15.0,16.0,50.77861022949219,-12.741299629211426,0.13333334028720856,0.75]",,,,,,,,2,2,True,"{""mid"":3,""t0"":860.993246738063,""t1"":892.5448968889389,""jid"":23,""oid"":0}",962.4588533397766,False
868.9323433704122,maintenance,0,"[0.6997767686843872,-0.0245535708963871,16.281818389892578,0.09535498917102814,0.09977678209543228,0.39977678656578064,0.0,0.0,0.0,868.932373046875]",0,DN,0.0,0.6997767857142857,-0.024553571428571397,16.281818181818203,0.09535498573854938,,,,,,
868.9323433704122,scheduling,,"[1.0,15.0,15.0,15.0,45.23225021362305,-16.837011337280273,0.20000000298023224,0.75]",,,,,,,,2,2,True,"{""mid"":0,""t0"":868.9323433704122,""t1"":874.8006914855954,""jid"":23,""oid"":0}",962.4588533397766,False
870.1987817974551,maintenance,2,"[0.590032160282135,-0.022508038207888603,12.885714530944824,0.08444748818874359,-0.009967845864593983,0.29003214836120605,0.0,0.0,0.0,870.1987915039062]",0,DN,0.0,0.590032154340836,-0.022508038585209,12.885714285714288,0.08444748891454594,,,,,,
870.1987817974551,scheduling,,"[1.0,15.0,15.0,15.0,45.777626037597656,-18.103450775146484,0.20000000298023224,0.75]",,,,,,,,2,2,True,"{""mid"":2,""t0"":870.1987817974551,""t1"":877.8604924696747,""jid"":23,""oid"":0}",962.4588533397766,False
874.8006914855954,maintenance,0,"[0.6964285969734192,-0.0033482143189758062,118.4000015258789,0.14818915724754333,0.09642857313156128,0.39642858505249023,0.0,0.0,0.0,874.8007202148438]",0,DN,0.0,0.6964285714285714,-0.0033482142857143016,118.39999999999944,0.14818916009080652,,,,,,
874.8006914855954,scheduling,,"[1.0,15.0,15.0,15.0,42.59054183959961,-13.095641136169434,0.20000000298023224,0.75]",,,,,,,,2,3,True,"{""mid"":0,""t0"":874.8006914855954,""t1"":901.8678165056001,""jid"":20,""oid"":3}",948.9419232962183,False
877.8604924696747,maintenance,2,"[0.5836012959480286,-0.006430868059396744,44.099998474121094,0.1924864649772644,-0.016398712992668152,0.2836012840270996,7.661710739135742,0.0,0.0,877.8604736328125]",1,IM,20.0,0.5836012861736335,-0.006430868167202508,44.10000000000045,0.1924864579494951,,,,,,
883.3490771838341,maintenance,1,"[0.8343558311462402,-0.009481316432356834,56.358821868896484,0.2535536587238312,0.23435582220554352,0.5343558192253113,0.0,0.0,0.0,883.3490600585938]",0,DN,0.0,0.8343558282208589,-0.009481316229782544,56.35882352941143,0.2535536568847456,,,,,,
883.3490771838341,scheduling,,"[1.0,14.0,14.0,15.0,37.32231903076172,-21.644025802612305,0.1428571492433548,0.5]",,,,,,,,2,3,True,"{""mid"":1,""t0"":883.3490771838341,""t1"":904.9658771330147,""jid"":24,""oid"":1}",896.3828456996499,True
892.5448968889389,maintenance,3,"[0.5928143858909607,-0.020958084613084793,13.971428871154785,0.19429191946983337,-0.007185628637671471,0.29281437397003174,0.0,0.0,0.0,892.544921875]",0,DN,0.0,0.592814371257485,-0.020958083832335328,13.971428571428573,0.19429192541882784,,,,,,
892.5448968889389,scheduling,,"[1.0,15.0,15.0,16.0,40.285404205322266,-30.839845657348633,0.2666666805744171,0.5]",,,,,,,,2,3,True,"{""mid"":3,""t0"":892.5448968889389,""t1"":938.3906418139607,""jid"":23,""oid"":3}",962.4588533397766,False
897.8604924696747,scheduling,,"[1.0,15.0,15.0,15.0,34.96980667114258,-36.15544128417969,0.2666666805744171,0.75]",,,,,,,,2,2,True,"{""mid"":2,""t0"":897.8604924696747,""t1"":945.5992827803076,""jid"":24,""oid"":1}",896.3828456996499,True
901.8678165056001,maintenance,0,"[0.6808035969734192,-0.015625,24.371429443359375,0.2521694004535675,0.08080357313156128,0.38080358505249023,0.0,0.0,0.0,901.8677978515625]",0,DN,0.0,0.6808035714285714,-0.015625,24.37142857142857,0.25216940222142964,,,,,,
901.8678165056001,scheduling,,"[1.0,15.0,15.0,16.0,37.39152908325195,-40.16276550292969,0.2666666805744171,0.75]",,,,,,,,2,2,True,"{""mid"":0,""t0"":901.8678165056001,""t1"":922.7105040178269,""jid"":28,""oid"":0}",962.1191728315268,False
904.9658771330147,maintenance,1,"[0.8282208442687988,-0.0061349691823124886,86.0999984741211,0.08740712702274323,0.2282208651304245,0.5282208323478699,0.0,0.0,0.0,904.9658813476562]",0,DN,0.0,0.8282208588957055,-0.006134969325153339,86.1000000000005,0.08740712432097113,,,,,,
904.9658771330147,scheduling,,"[1.0,15.0,15.0,16.0,45.629642486572266,-42.47591781616211,0.20000000298023224,0.75]",,,,,,,,2,2,True,"{""mid"":1,""t0"":904.9658771330147,""t1"":933.2454469835951,""jid"":30,""oid"":0}",931.9105604408844,True
922.7105040178269,maintenance,0,"[0.6674107313156128,-0.013392857275903225,27.433332443237305,0.2513263523578644,0.06741071492433548,0.36741071939468384,0.0,0.0,0.0,922.7105102539062]",0,DN,0.0,0.6674107142857143,-0.013392857142857095,27.433333333333433,0.25132635865019365,,,,,,
922.7105040178269,scheduling,,"[1.0,16.0,16.0,16.0,37.43368148803711,-60.22054672241211,0.375,0.75]",,,,,,,,2,2,True,"{""mid"":0,""t0"":922.7105040178269,""t1"":960.2975021809618,""jid"":17,""oid"":3}",961.8655381986384,False
933.2454469835951,maintenance,1,"[0.8187395334243774,-0.009481316432356834,54.71176528930664,0.38557589054107666,0.21873953938484192,0.5187395215034485,0.0,0.0,0.0,933.2454223632812]",0,DN,0.0,0.8187395426659231,-0.009481316229782433,54.71176470588268,0.38557587834751944,,,,,,
933.2454469835951,scheduling,,"[1.0,17.0,17.0,15.0,30.721206665039062,-70.75548553466797,0.529411792755127,0.75]",,,,,,,,2,2,True,"{""mid"":1,""t0"":933.2454469835951,""t1"":954.2375382485797,""jid"":30,""oid"":1}",931.9105604408844,True
938.3906418139607,maintenance,3,"[0.5508981943130493,-0.041916169226169586,5.985714435577393,0.43900516629219055,-0.04910179600119591,0.25089821219444275,45.84574508666992,0.0,0.0,938.390625]",1,IM,20.0,0.5508982035928144,-0.041916167664670656,5.985714285714287,0.4390051646310332,,,,,,
945.5992827803076,maintenance,2,"[0.827974259853363,-0.01969253085553646,26.810888290405273,0.5831779837608337,0.2279742807149887,0.5279742479324341,0.0,0.0,1.0,47.73878860473633]",0,DN,0.0,0.8279742765273312,-0.01969253150723782,26.810889008011937,0.5831779839579725,,,,,,
945.5992827803076,scheduling,,"[1.0,16.0,16.0,14.0,20.841100692749023,-83.10932159423828,0.5,0.5]",,,,,,,,0,0,True,"{""mid"":2,""t0"":945.5992827803076,""t1"":981.1329745276081,""jid"":17,""oid"":3}",961.8655381986384,True
954.2375382485797,maintenance,1,"[0.810931384563446,-0.0078081428073346615,65.43571472167969,0.6876090168952942,0.21093140542507172,0.5109313726425171,0.0,0.0,0.0,954.237548828125]",0,DN,0.0,0.8109313998884551,-0.007808142777467997,65.43571428571373,0.687609017478881,,,,,,
954.2375382485797,scheduling,,"[1.0,15.0,15.0,14.0,15.619548797607422,-91.7475814819336,0.46666666865348816,0.5]",,,,,,,,0,0,True,"{""mid"":1,""t0"":954.2375382485797,""t1"":975.6037492099542,""jid"":28,""oid"":1}",962.1191728315268,True
958.3906418139607,scheduling,,"[1.0,15.0,15.0,14.0,11.466445922851562,-95.90068054199219,0.46666666865348816,0.75]",,,,,,,,3,3,True,"{""mid"":3,""t0"":958.3906418139607,""t1"":1008.0185943169596,""jid"":28,""oid"":1}",962.1191728315268,True
960.2975021809618,maintenance,0,"[0.6372767686843872,-0.0301339291036129,11.19259262084961,0.7600611448287964,0.03727678582072258,0.33727678656578064,0.0,0.0,0.0,960.2974853515625]",0,DN,0.0,0.6372767857142857,-0.030133928571428603,11.19259259259258,0.7600611695195668,,,,,,
960.2975021809618,scheduling,,"[1.0,15.0,15.0,14.0,11.996941566467285,-97.80754089355469,0.46666666865348816,0.75]",,,,,,,,3,4,True,"{""mid"":0,""t0"":960.2975021809618,""t1"":983.3492812214848,""jid"":33,""oid"":0}",1190.5696658994325,False
975.6037492099542,maintenance,1,"[0.8014500737190247,-0.009481316432356834,52.88823699951172,0.9939149022102356,0.20145007967948914,0.5014500617980957,0.0,0.0,0.0,975.603759765625]",0,DN,0.0,0.8014500836586727,-0.009481316229782433,52.888235294117955,0.9939148845717259,,,,,,
975.6037492099542,scheduling,,"[1.0,14.0,14.0,13.0,0.30425578355789185,-113.1137924194336,0.5,0.75]",,,,,,,,1,2,True,"{""mid"":1,""t0"":975.6037492099542,""t1"":1018.566122457035,""jid"":25,""oid"":0}",1054.6193854655974,False
981.1329745276081,maintenance,2,"[0.7845659255981445,-0.043408360332250595,11.162962913513184,0.8384312391281128,0.18456591665744781,0.4845659136772156,0.0,0.0,1.0,83.2724838256836]",0,DN,0.0,0.7845659163987139,-0.043408360128617374,11.162962962962961,0.8384312666036189,,,,,,
981.1329745276081,scheduling,,"[1.0,14.0,14.0,14.0,8.078436851501465,-118.64301300048828,0.4285714328289032,0.75]",,,,,,,,1,2,True,"{""mid"":2,""t0"":981.1329745276081,""t1"":988.4794824920994,""jid"":29,""oid"":0}",1011.0656489575331,False
983.3492812214848,maintenance,0,"[0.6183035969734192,-0.01897321455180645,16.776470184326172,0.8407808542251587,0.01830357126891613,0.31830358505249023,0.0,0.0,0.0,983.3493041992188]",0,DN,0.0,0.6183035714285714,-0.0189732142857143,16.77647058823528,0.8407808788742163,,,,,,
983.3492812214848,scheduling,,"[1.0,14.0,14.0,14.0,7.96095609664917,-120.85932159423828,0.4285714328289032,0.75]",,,,,,,,1,2,True,"{""mid"":0,""t0"":983.3492812214848,""t1"":1019.8946359316326,""jid"":25,""oid"":0}",1054.6193854655974,False
988.4794824920994,maintenance,2,"[0.7749196290969849,-0.009646302089095116,49.233333587646484,0.9328898787498474,0.17491962015628815,0.4749196171760559,0.0,0.0,1.0,90.61898803710938]",0,DN,0.0,0.77491961414791,-0.009646302250803873,49.23333333333326,0.9328898929086613,,,,,,
988.4794824920994,scheduling,,"[1.0,14.0,14.0,13.0,3.3555054664611816,-125.9895248413086,0.5,0.75]",,,,,,,,1,2,True,"{""mid"":2,""t0"":988.4794824920994,""t1"":1038.3355363208057,""jid"":25,""oid"":0}",1054.6193854655974,False
1008.0185943169596,maintenance,3,"[0.8577844500541687,-0.02695159614086151,20.695783615112305,1.0,0.2577844262123108,0.5577844381332397,0.0,0.0,1.0,49.627952575683594]",0,DN,0.0,0.8577844311377245,-0.026951596663400412,20.695784301906745,1.0,,,,,,
1008.0185943169596,scheduling,,"[1.0,14.0,14.0,12.0,-16.18360710144043,-145.5286407470703,0.5714285969734192,0.75]",,,,,,,,1,2,True,"{""mid"":3,""t0"":1008.0185943169596,""t1"":1054.6774247534713,""jid"":22,""oid"":0}",983.0628300898877,True
1018.566122457035,maintenance,1,"[0.7824874520301819,-0.01896263286471367,25.44411849975586,1.0,0.18248745799064636,0.48248744010925293,0.0,0.0,0.0,1018.5661010742188]",0,DN,0.0,0.7824874511991077,-0.018962632459564976,25.444117647058825,1.0,,,,,,
1018.566122457035,scheduling,,"[1.0,14.0,14.0,10.0,-23.651044845581055,-156.076171875,0.6428571343421936,0.75]",,,,,,,,1,2,True,"{""mid"":1,""t0"":1018.566122457035,""t1"":1038.5147188779433,""jid"":26,""oid"":0}",1066.277375557311,False
1019.8946359316326,maintenance,0,"[0.5848214030265808,-0.0334821417927742,8.506667137145996,1.0,-0.015178571455180645,0.28482142090797424,0.0,0.0,0.0,1019.8946533203125]",0,DN,0.0,0.5848214285714286,-0.033482142857142794,8.506666666666684,1.0,,,,,,
1019.8946359316326,scheduling,,"[1.0,14.0,14.0,10.0,-24.029767990112305,-157.40467834472656,0.6428571343421936,0.75]",,,,,,,,1,2,True,"{""mid"":0,""t0"":1019.8946359316326,""t1"":1027.0784860376937,""jid"":26,""oid"":0}",1066.277375557311,False
1027.0784860376937,maintenance,0,"[0.5792410969734192,-0.005580357275903225,50.040000915527344,1.0,-0.02075892873108387,0.27924108505249023,7.183850288391113,0.0,0.0,1027.0784912109375]",1,IM,20.0,0.5792410714285714,-0.005580357142857206,50.03999999999943,1.0,,,,,,
1038.3355363208057,maintenance,2,"[0.7154340744018555,-0.059485532343387604,6.983783721923828,1.0,0.11543408036231995,0.4154340922832489,0.0,0.0,1.0,140.47503662109375]",0,DN,0.0,0.7154340836012861,-0.059485530546623866,6.983783783783775,1.0,,,,,,
1038.3355363208057,scheduling,,"[1.0,14.0,14.0,8.0,-38.80863952636719,-175.8455810546875,0.7142857313156128,0.5]",,,,,,,,1,0,True,"{""mid"":2,""t0"":1038.3355363208057,""t1"":1062.0171459197356,""jid"":29,""oid"":1}",1011.0656489575331,True
1038.5147188779433,maintenance,1,"[0.7746793031692505,-0.0078081428073346615,60.7928581237793,1.0,0.17467930912971497,0.4746793210506439,0.0,0.0,0.0,1038.5147705078125]",0,DN,0.0,0.7746793084216397,-0.007808142777467997,60.792857142856626,1.0,,,,,,
1038.5147188779433,scheduling,,"[1.0,14.0,14.0,8.0,-37.25558853149414,-176.02476501464844,0.7142857313156128,0.5]",,,,,,,,0,2,True,"{""mid"":1,""t0"":1038.5147188779433,""t1"":1078.1733000963668,""jid"":27,""oid"":0}",1113.9812237417912,False
1047.0784860376937,scheduling,,"[1.0,14.0,14.0,7.0,-45.81935501098633,-184.58853149414062,0.7142857313156128,0.75]",,,,,,,,1,2,True,"{""mid"":0,""t0"":1047.0784860376937,""t1"":1068.5533279900255,""jid"":27,""oid"":0}",1113.9812237417912,False
1054.6774247534713,maintenance,3,"[0.802395224571228,-0.055389221757650375,9.070270538330078,1.0,0.2023952156305313,0.5023952126502991,0.0,0.0,1.0,96.28678131103516]",0,DN,0.0,0.8023952095808383,-0.05538922155688619,9.070270270270278,1.0,,,,,,
1054.6774247534713,scheduling,,"[1.0,14.0,14.0,6.0,-50.08551788330078,-145.5286407470703,0.7142857313156128,0.75]",,,,,,,,3,2,True,"{""mid"":3,""t0"":1054.6774247534713,""t1"":1086.9752795056938,""jid"":29,""oid"":1}",1011.0656489575331,True
1062.0171459197356,maintenance,2,"[0.6848874688148499,-0.030546624213457108,12.600000381469727,1.0,0.08488745987415314,0.3848874568939209,0.0,0.0,1.0,164.15664672851562]",0,DN,0.0,0.684887459807074,-0.030546623794212135,12.600000000000035,1.0,,,,,,
1062.0171459197356,scheduling,,"[1.0,14.0,14.0,6.0,-55.42597198486328,-152.8683624267578,0.7857142686843872,0.75]",,,,,,,,3,2,True,"{""mid"":2,""t0"":1062.0171459197356,""t1"":1091.6475972536757,""jid"":29,""oid"":2}",1011.0656489575331,True
1068.5533279900255,maintenance,0,"[0.8482142686843872,-0.00850530806928873,64.4555435180664,1.0,0.24821428954601288,0.5482142567634583,0.0,0.0,1.0,21.474842071533203]",0,DN,0.0,0.8482142857142857,-0.008505308228865194,64.45554599112162,1.0,,,,,,
1068.5533279900255,scheduling,,"[1.0,14.0,14.0,6.0,-59.907718658447266,-159.404541015625,0.8571428656578064,0.75]",,,,,,,,3,2,True,"{""mid"":0,""t0"":1068.5533279900255,""t1"":1075.284140064884,""jid"":29,""oid"":2}",1011.0656489575331,True
1075.284140064884,maintenance,0,"[0.8448660969734192,-0.0033482143189758062,162.73333740234375,1.0,0.24486607313156128,0.5448660850524902,0.0,0.0,1.0,28.20565414428711]",0,DN,0.0,0.8448660714285714,-0.0033482142857143016,162.73333333333255,1.0,,,,,,
1075.284140064884,scheduling,,"[1.0,14.0,14.0,6.0,-65.49823760986328,-166.13534545898438,0.9285714030265808,0.75]",,,,,,,,3,2,True,"{""mid"":0,""t0"":1075.284140064884,""t1"":1090.1699551664155,""jid"":25,""oid"":3}",1054.6193854655974,True
1078.1733000963668,maintenance,1,"[0.7568321228027344,-0.017847184091806412,25.596874237060547,1.0,0.15683212876319885,0.4568321108818054,0.0,0.0,0.0,1078.17333984375]",0,DN,0.0,0.7568321249302844,-0.01784718349135528,25.596874999999986,1.0,,,,,,
1078.1733000963668,scheduling,,"[1.0,14.0,14.0,6.0,-66.1669921875,-169.02450561523438,0.9285714030265808,0.75]",,,,,,,,3,2,True,"{""mid"":1,""t0"":1078.1733000963668,""t1"":1083.4948617247642,""jid"":22,""oid"":1}",983.0628300898877,True
1083.4948617247642,maintenance,1,"[0.754601240158081,-0.0022308980114758015,203.77499389648438,1.0,0.15460123121738434,0.4546012282371521,0.0,0.0,0.0,1083.494873046875]",0,DN,0.0,0.754601226993865,-0.002230897936419396,203.77500000000117,1.0,,,,,,
1083.4948617247642,scheduling,,"[1.0,14.0,14.0,6.0,-71.10844421386719,-169.02450561523438,0.9285714030265808,0.75]",,,,,,,,3,2,True,"{""mid"":1,""t0"":1083.4948617247642,""t1"":1090.4286269372733,""jid"":22,""oid"":2}",983.0628300898877,True
1086.9752795056938,maintenance,3,"[0.7634730339050293,-0.038922157138586044,11.907691955566406,1.0,0.16347305476665497,0.46347305178642273,0.0,0.0,1.0,128.5846405029297]",0,DN,0.0,0.7634730538922155,-0.038922155688622784,11.907692307692297,1.0,,,,,,
1086.9752795056938,scheduling,,"[1.0,13.0,13.0,6.0,-71.11495971679688,-172.5049285888672,0.9230769276618958,0.75]",,,,,,,,3,2,True,"{""mid"":3,""t0"":1086.9752795056938,""t1"":1130.1887010827968,""jid"":22,""oid"":2}",983.0628300898877,True
1090.1699551664155,maintenance,0,"[0.8381696343421936,-0.0066964286379516125,80.36666870117188,1.0,0.23816964030265808,0.5381696224212646,0.0,0.0,1.0,43.091468811035156]",0,DN,0.0,0.8381696428571429,-0.006696428571428492,80.36666666666764,1.0,,,,,,
1090.1699551664155,scheduling,,"[1.0,13.0,13.0,6.0,-72.66100311279297,-175.69960021972656,0.9230769276618958,0.75]",,,,,,,,3,2,True,"{""mid"":0,""t0"":1090.1699551664155,""t1"":1130.6989290753788,""jid"":22,""oid"":2}",983.0628300898877,True
1090.4286269372733,maintenance,1,"[0.7512548565864563,-0.003346347017213702,134.85000610351562,1.0,0.15125487744808197,0.45125487446784973,0.0,0.0,0.0,1090.4285888671875]",0,DN,0.0,0.7512548800892359,-0.003346346904629094,134.8500000000008,1.0,,,,,,
1090.4286269372733,scheduling,,"[1.0,13.0,13.0,6.0,-70.59464263916016,-165.05076599121094,0.9230769276618958,0.75]",,,,,,,,3,2,True,"{""mid"":1,""t0"":1090.4286269372733,""t1"":1108.2279456913443,""jid"":22,""oid"":3}",983.0628300898877,True
1091.6475972536757,maintenance,2,"[0.647909939289093,-0.03697749227285385,9.408695220947266,1.0,0.047909967601299286,0.34790995717048645,0.0,0.0,1.0,193.787109375]",0,DN,0.0,0.6479099678456591,-0.036977491961414866,9.408695652173893,1.0,,,,,,
1091.6475972536757,scheduling,,"[1.0,13.0,13.0,6.0,-71.81361389160156,-166.26974487304688,0.9230769276618958,0.75]",,,,,,,,3,2,True,"{""mid"":2,""t0"":1091.6475972536757,""t1"":1136.3892636917667,""jid"":22,""oid"":3}",983.0628300898877,True
1108.2279456913443,maintenance,1,"[0.7434467077255249,-0.0078081428073346615,56.7928581237793,1.0,0.14344674348831177,0.44344672560691833,0.0,0.0,0.0,1108.2279052734375]",0,DN,0.0,0.743446737311768,-0.007808142777467886,56.79285714285748,1.0,,,,,,
1108.2279456913443,scheduling,,"[1.0,13.0,13.0,3.0,-86.34832000732422,-182.85009765625,0.9230769276618958,0.75]",,,,,,,,1,2,True,"{""mid"":1,""t0"":1108.2279456913443,""t1"":1118.5391388484454,""jid"":26,""oid"":2}",1066.277375557311,True
1118.5391388484454,maintenance,1,"[0.7389849424362183,-0.004461796022951603,98.38749694824219,1.0,0.13898494839668274,0.4389849305152893,0.0,0.0,0.0,1118.5391845703125]",0,DN,0.0,0.7389849414389291,-0.004461795872838903,98.38749999999811,1.0,,,,,,
1118.5391388484454,scheduling,,"[1.0,13.0,13.0,2.0,-95.56910705566406,-193.16128540039062,0.9230769276618958,0.75]",,,,,,,,1,2,True,"{""mid"":1,""t0"":1118.5391388484454,""t1"":1134.181875273848,""jid"":35,""oid"":0}",1124.7168435994895,True
1130.1887010827968,maintenance,3,"[0.711077868938446,-0.052395209670066833,7.845714092254639,1.0,0.11107784509658813,0.4110778570175171,0.0,0.0,1.0,171.79806518554688]",0,DN,0.0,0.7110778443113772,-0.05239520958083832,7.845714285714286,1.0,,,,,,
1130.1887010827968,scheduling,,"[1.0,12.0,12.0,2.0,-102.91192626953125,-204.81085205078125,0.9166666865348816,0.75]",,,,,,,,1,2,True,"{""mid"":3,""t0"":1130.1887010827968,""t1"":1142.5844736229374,""jid"":31,""oid"":0}",1005.1404539279268,True
1130.6989290753788,maintenance,0,"[0.8024553656578064,-0.0357142873108387,14.068750381469727,1.0,0.20245535671710968,0.5024553537368774,0.0,0.0,1.0,83.62044525146484]",0,DN,0.0,0.8024553571428571,-0.03571428571428581,14.068749999999962,1.0,,,,,,
1130.6989290753788,scheduling,,"[1.0,12.0,12.0,2.0,-103.42214965820312,-205.32107543945312,0.9166666865348816,0.75]",,,,,,,,1,2,True,"{""mid"":0,""t0"":1130.6989290753788,""t1"":1168.7471315985038,""jid"":35,""oid"":0}",1124.7168435994895,True
1134.181875273848,maintenance,1,"[0.7317345142364502,-0.007250418420881033,59.5461540222168,1.0,0.13173452019691467,0.43173453211784363,0.0,0.0,0.0,1134.181884765625]",0,DN,0.0,0.7317345231455661,-0.007250418293363037,59.54615384615419,1.0,,,,,,
1134.181875273848,scheduling,,"[1.0,12.0,12.0,1.0,-104.75773620605469,-208.80401611328125,1.0,0.75]",,,,,,,,1,2,True,"{""mid"":1,""t0"":1134.181875273848,""t1"":1153.0328963150785,""jid"":25,""oid"":4}",1054.6193854655974,True
1136.3892636917667,maintenance,2,"[0.590032160282135,-0.057877812534570694,5.011111259460449,1.0,-0.009967845864593983,0.29003214836120605,0.0,0.0,1.0,238.52877807617188]",0,DN,0.0,0.590032154340836,-0.05787781350482313,5.011111111111113,1.0,,,,,,
1136.3892636917667,scheduling,,"[1.0,12.0,12.0,1.0,-106.96512603759766,-211.01141357421875,1.0,0.75]",,,,,,,,1,2,True,"{""mid"":2,""t0"":1136.3892636917667,""t1"":1179.0367667534942,""jid"":38,""oid"":0}",1055.9990801953227,True
1142.5844736229374,maintenance,3,"[0.696107804775238,-0.014970059506595135,26.459999084472656,1.0,0.09610778093338013,0.3961077928543091,0.0,0.0,1.0,184.19383239746094]",0,DN,0.0,0.6961077844311377,-0.014970059880239472,26.460000000000086,1.0,,,,,,
1142.5844736229374,scheduling,,"[1.0,12.0,12.0,1.0,-112.12735748291016,-204.81085205078125,1.0,0.75]",,,,,,,,1,2,True,"{""mid"":3,""t0"":1142.5844736229374,""t1"":1170.0519620364014,""jid"":31,""oid"":1}",1005.1404539279268,True
1153.0328963150785,maintenance,1,"[0.7233686447143555,-0.008365867659449577,50.606666564941406,1.0,0.12336865812540054,0.4233686625957489,0.0,0.0,0.0,1153.0328369140625]",0,DN,0.0,0.7233686558839934,-0.008365867261572735,50.60666666666697,1.0,,,,,,
1153.0328963150785,scheduling,,"[1.0,11.0,11.0,1.0,-122.01912689208984,-215.25927734375,1.0,0.75]",,,,,,,,1,2,True,"{""mid"":1,""t0"":1153.0328963150785,""t1"":1191.4464495584677,""jid"":31,""oid"":1}",1005.1404539279268,True
1168.7471315985038,maintenance,0,"[0.7689732313156128,-0.0334821417927742,14.006667137145996,1.0,0.16897320747375488,0.46897321939468384,0.0,0.0,1.0,121.66864776611328]",0,DN,0.0,0.7689732142857143,-0.033482142857142794,14.006666666666694,1.0,,,,,,
1168.7471315985038,scheduling,,"[1.0,11.0,11.0,1.0,-135.89967346191406,-230.9735107421875,1.0,0.75]",,,,,,,,1,2,True,"{""mid"":0,""t0"":1168.7471315985038,""t1"":1175.1566466351796,""jid"":38,""oid"":0}",1055.9990801953227,True
1170.0519620364014,maintenance,3,"[0.6646706461906433,-0.03143712505698204,11.600000381469727,1.0,0.06467065960168839,0.36467066407203674,0.0,0.0,1.0,211.66131591796875]",0,DN,0.0,0.6646706586826348,-0.03143712574850299,11.600000000000001,1.0,,,,,,
1170.0519620364014,scheduling,,"[1.0,11.0,11.0,1.0,-134.14212036132812,-198.59210205078125,1.0,0.75]",,,,,,,,1,2,True,"{""mid"":3,""t0"":1170.0519620364014,""t1"":1206.8430601550804,""jid"":31,""oid"":2}",1005.1404539279268,True
1175.1566466351796,maintenance,0,"[0.7633928656578064,-0.005580357275903225,83.04000091552734,1.0,0.16339285671710968,0.46339285373687744,0.0,0.0,1.0,128.07815551757812]",0,DN,0.0,0.7633928571428571,-0.005580357142857206,83.03999999999905,1.0,,,,,,
1175.1566466351796,scheduling,,"[1.0,11.0,11.0,1.0,-136.2899169921875,-203.69677734375,1.0,0.75]",,,,,,,,1,2,True,"{""mid"":0,""t0"":1175.1566466351796,""t1"":1201.1231846450648,""jid"":31,""oid"":2}",1005.1404539279268,True
1179.0367667534942,maintenance,2,"[0.5353697538375854,-0.05466238036751747,4.305882453918457,1.0,-0.06463022530078888,0.23536977171897888,42.64750289916992,0.0,1.0,281.17626953125]",1,IM,20.0,0.5353697749196141,-0.054662379421221874,4.305882352941175,1.0,,,,,,
1191.4464495584677,maintenance,1,"[0.7077523469924927,-0.015616285614669323,26.110713958740234,1.0,0.10775236785411835,0.4077523648738861,0.0,0.0,0.0,1191.4464111328125]",0,DN,0.0,0.7077523703290575,-0.015616285554935883,26.110714285714252,1.0,,,,,,
1191.4464495584677,scheduling,,"[1.0,9.0,9.0,0.0,-144.03514099121094,-203.3566131591797,1.0,0.5]",,,,,,,,1,4,True,"{""mid"":1,""t0"":1191.4464495584677,""t1"":1228.1695910965382,""jid"":34,""oid"":0}",1221.8281344227587,True
1199.0367667534942,scheduling,,"[1.0,9.0,9.0,0.0,-151.62545776367188,-210.94692993164062,1.0,0.75]",,,,,,,,1,2,True,"{""mid"":2,""t0"":1199.0367667534942,""t1"":1212.2275779379195,""jid"":32,""oid"":0}",1120.0774582045738,True
1201.1231846450648,maintenance,0,"[0.7399553656578064,-0.0234375,18.77142906188965,1.0,0.13995535671710968,0.43995535373687744,0.0,0.0,1.0,154.04469299316406]",0,DN,0.0,0.7399553571428571,-0.0234375,18.77142857142857,1.0,,,,,,
1201.1231846450648,scheduling,,"[1.0,9.0,9.0,0.0,-153.7118682861328,-213.03335571289062,1.0,0.75]",,,,,,,,1,2,True,"{""mid"":0,""t0"":1201.1231846450648,""t1"":1209.3602499021601,""jid"":32,""oid"":0}",1120.0774582045738,True
1206.8430601550804,maintenance,3,"[0.6197604537010193,-0.04491018131375313,7.119999885559082,1.0,0.019760478287935257,0.3197604715824127,0.0,0.0,1.0,248.45242309570312]",0,DN,0.0,0.6197604790419161,-0.04491017964071864,7.119999999999987,1.0,,,,,,
1206.8430601550804,scheduling,,"[1.0,9.0,9.0,0.0,-159.43174743652344,-218.7532196044922,1.0,0.75]",,,,,,,,1,2,True,"{""mid"":3,""t0"":1206.8430601550804,""t1"":1229.5402490122642,""jid"":32,""oid"":0}",1120.0774582045738,True
1209.3602499021601,maintenance,0,"[0.7321428656578064,-0.0078125,55.31428527832031,1.0,0.13214285671710968,0.43214285373687744,0.0,0.0,1.0,162.28176879882812]",0,DN,0.0,0.7321428571428571,-0.0078125,55.31428571428571,1.0,,,,,,
1209.3602499021601,scheduling,,"[1.0,9.0,9.0,0.0,-160.408935546875,-218.71153259277344,1.0,0.75]",,,,,,,,1,2,True,"{""mid"":0,""t0"":1209.3602499021601,""t1"":1255.4461945740074,""jid"":33,""oid"":1}",1190.5696658994325,True
1212.2275779379195,maintenance,2,"[0.8086816668510437,-0.006832486018538475,74.45045471191406,1.0,0.20868167281150818,0.5086816549301147,0.0,0.0,2.0,13.190811157226562]",0,DN,0.0,0.8086816720257235,-0.006832485793865972,74.45045439866185,1.0,,,,,,
1212.2275779379195,scheduling,,"[1.0,9.0,9.0,0.0,-162.09751892089844,-221.578857421875,1.0,0.75]",,,,,,,,1,2,True,"{""mid"":2,""t0"":1212.2275779379195,""t1"":1254.549536430033,""jid"":27,""oid"":2}",1113.9812237417912,True
1228.1695910965382,maintenance,1,"[0.6915783882141113,-0.016174010932445526,24.210344314575195,1.0,0.09157835692167282,0.39157834649086,0.0,0.0,0.0,1228.1695556640625]",0,DN,0.0,0.6915783602900167,-0.01617401003904073,24.21034482758618,1.0,,,,,,
1228.1695910965382,scheduling,,"[1.0,9.0,9.0,0.0,-175.40753173828125,-237.5208740234375,1.0,0.75]",,,,,,,,1,2,True,"{""mid"":1,""t0"":1228.1695910965382,""t1"":1250.5250944494703,""jid"":33,""oid"":1}",1190.5696658994325,True
1229.5402490122642,maintenance,3,"[0.5928143858909607,-0.026946106925606728,10.866666793823242,1.0,-0.007185628637671471,0.29281437397003174,0.0,0.0,1.0,271.14959716796875]",0,DN,0.0,0.592814371257485,-0.026946107784431073,10.866666666666694,1.0,,,,,,
1229.5402490122642,scheduling,,"[1.0,9.0,9.0,0.0,-173.28677368164062,-238.8915252685547,1.0,0.75]",,,,,,,,1,2,True,"{""mid"":3,""t0"":1229.5402490122642,""t1"":1258.0901553685085,""jid"":26,""oid"":3}",1066.277375557311,True
1250.5250944494703,maintenance,1,"[0.6815392971038818,-0.010039040818810463,38.00555419921875,1.0,0.08153931796550751,0.38153931498527527,0.0,0.0,0.0,1250.525146484375]",0,DN,0.0,0.6815393195761293,-0.010039040713887393,38.005555555555354,1.0,,,,,,
1250.5250944494703,scheduling,,"[1.0,9.0,9.0,0.0,-190.4693145751953,-259.8763732910156,1.0,0.75]",,,,,,,,1,2,True,"{""mid"":1,""t0"":1250.5250944494703,""t1"":1259.9817402366893,""jid"":35,""oid"":2}",1124.7168435994895,True
1254.549536430033,maintenance,2,"[0.7813504934310913,-0.027331190183758736,17.611764907836914,1.0,0.1813504844903946,0.48135048151016235,0.0,0.0,2.0,55.51276779174805]",0,DN,0.0,0.7813504823151125,-0.027331189710610992,17.61176470588231,1.0,,,,,,
1254.549536430033,scheduling,,"[1.0,9.0,9.0,0.0,-189.7913055419922,-263.90081787109375,1.0,0.75]",,,,,,,,1,2,True,"{""mid"":2,""t0"":1254.549536430033,""t1"":1298.1692869726016,""jid"":33,""oid"":2}",1190.5696658994325,True
1255.4461945740074,maintenance,0,"[0.6919642686843872,-0.0401785708963871,9.755555152893066,1.0,0.09196428209543228,0.39196428656578064,0.0,0.0,1.0,208.36770629882812]",0,DN,0.0,0.6919642857142857,-0.0401785714285714,9.755555555555564,1.0,,,,,,
1255.4461945740074,scheduling,,"[1.0,9.0,9.0,0.0,-186.90386962890625,-264.7974853515625,1.0,0.75]",,,,,,,,1,2,True,"{""mid"":0,""t0"":1255.4461945740074,""t1"":1297.2270956435812,""jid"":35,""oid"":2}",1124.7168435994895,True
1258.0901553685085,maintenance,3,"[0.5583832263946533,-0.03443113714456558,7.504347801208496,1.0,-0.0416167676448822,0.25838324427604675,28.54990577697754,0.0,1.0,299.69952392578125]",1,IM,20.0,0.5583832335329342,-0.034431137724550864,7.504347826086965,1.0,,,,,,
1259.9817402366893,maintenance,1,"[0.6776352524757385,-0.0039040714036673307,96.72856903076172,1.0,0.0776352509856224,0.37763524055480957,0.0,0.0,0.0,1259.981689453125]",0,DN,0.0,0.6776352481873954,-0.003904071388733943,96.72857142857198,1.0,,,,,,
1259.9817402366893,scheduling,,"[1.0,9.0,9.0,0.0,-183.75357055664062,-230.0795135498047,1.0,0.5]",,,,,,,,1,4,True,"{""mid"":1,""t0"":1259.9817402366893,""t1"":1278.5107606636052,""jid"":37,""oid"":0}",1214.2505992050255,True
1278.0901553685085,scheduling,,"[1.0,9.0,9.0,0.0,-201.8619842529297,-248.18792724609375,1.0,0.75]",,,,,,,,1,2,True,"{""mid"":3,""t0"":1278.0901553685085,""t1"":1307.166397716803,""jid"":36,""oid"":0}",1147.8206910431365,True
1278.5107606636052,maintenance,1,"[0.6692693829536438,-0.008365867659449577,44.13999938964844,1.0,0.06926938146352768,0.36926937103271484,0.0,0.0,0.0,1278.5107421875]",0,DN,0.0,0.6692693809258227,-0.008365867261572735,44.140000000000256,1.0,,,,,,
1278.5107606636052,scheduling,,"[1.0,9.0,9.0,0.0,-199.38771057128906,-248.60853576660156,1.0,0.75]",,,,,,,,1,2,True,"{""mid"":1,""t0"":1278.5107606636052,""t1"":1298.1146366614298,""jid"":35,""oid"":3}",1124.7168435994895,True
1297.2270956435812,maintenance,0,"[0.6540178656578064,-0.0379464291036129,9.329411506652832,1.0,0.05401785671710968,0.35401785373687744,0.0,0.0,1.0,250.1486053466797]",0,DN,0.0,0.6540178571428571,-0.0379464285714286,9.329411764705874,1.0,,,,,,
1297.2270956435812,scheduling,,"[1.0,8.0,8.0,0.0,-219.98472595214844,-267.3248596191406,1.0,0.75]",,,,,,,,1,2,True,"{""mid"":0,""t0"":1297.2270956435812,""t1"":1313.341164146981,""jid"":36,""oid"":0}",1147.8206910431365,True
1298.1146366614298,maintenance,1,"[0.6609035134315491,-0.008365867659449577,43.13999938964844,1.0,0.06090351194143295,0.3609035015106201,0.0,0.0,0.0,1298.1146240234375]",0,DN,0.0,0.6609035136642498,-0.008365867261572846,43.139999999999674,1.0,,,,,,
1298.1146366614298,scheduling,,"[1.0,8.0,8.0,0.0,-220.87225341796875,-268.21240234375,1.0,0.75]",,,,,,,,1,2,True,"{""mid"":1,""t0"":1298.1146366614298,""t1"":1344.1178359753405,""jid"":27,""oid"":3}",1113.9812237417912,True
1298.1692869726016,maintenance,2,"[0.7266880869865417,-0.05466238036751747,7.805882453918457,1.0,0.12668810784816742,0.4266881048679352,0.0,0.0,2.0,99.13252258300781]",0,DN,0.0,0.7266881028938906,-0.054662379421221874,7.8058823529411745,1.0,,,,,,
1298.1692869726016,scheduling,,"[1.0,8.0,8.0,0.0,-217.9534454345703,-268.2670593261719,1.0,0.75]",,,,,,,,1,2,True,"{""mid"":2,""t0"":1298.1692869726016,""t1"":1342.0374673964259,""jid"":27,""oid"":3}",1113.9812237417912,True
1307.166397716803,maintenance,3,"[0.7934131622314453,-0.015382322482764721,32.076637268066406,1.0,0.1934131681919098,0.49341318011283875,0.0,0.0,2.0,29.076242446899414]",0,DN,0.0,0.7934131736526946,-0.015382322175450658,32.07663758597872,1.0,,,,,,
1307.166397716803,scheduling,,"[1.0,8.0,8.0,0.0,-224.12615966796875,-277.26416015625,1.0,0.75]",,,,,,,,1,2,True,"{""mid"":3,""t0"":1307.166397716803,""t1"":1351.028402341888,""jid"":26,""oid"":4}",1066.277375557311,True
1313.341164146981,maintenance,0,"[0.6395089030265808,-0.014508928172290325,23.399999618530273,1.0,0.03950892761349678,0.33950892090797424,0.0,0.0,1.0,266.2626647949219]",0,DN,0.0,0.6395089285714286,-0.014508928571428492,23.40000000000013,1.0,,,,,,
1313.341164146981,scheduling,,"[1.0,8.0,8.0,0.0,-225.9134521484375,-283.4389343261719,1.0,0.75]",,,,,,,,1,2,True,"{""mid"":0,""t0"":1313.341164146981,""t1"":1339.8886363248364,""jid"":37,""oid"":1}",1214.2505992050255,True
1339.8886363248364,maintenance,0,"[0.6160714030265808,-0.0234375,13.485713958740234,1.0,0.01607142947614193,0.31607142090797424,0.0,0.0,1.0,292.8101501464844]",0,DN,0.0,0.6160714285714286,-0.0234375,13.485714285714288,1.0,,,,,,
1339.8886363248364,scheduling,,"[1.0,8.0,8.0,0.0,-249.95236206054688,-309.9864196777344,1.0,0.75]",,,,,,,,1,2,True,"{""mid"":0,""t0"":1339.8886363248364,""t1"":1381.5605510488376,""jid"":33,""oid"":4}",1190.5696658994325,True
1342.0374673964259,maintenance,2,"[0.6704180240631104,-0.05627009645104408,6.582857131958008,1.0,0.07041800767183304,0.3704180121421814,0.0,0.0,2.0,143.00070190429688]",0,DN,0.0,0.6704180064308681,-0.0562700964630225,6.582857142857144,1.0,,,,,,
1342.0374673964259,scheduling,,"[1.0,7.0,7.0,0.0,-249.11679077148438,-312.13525390625,1.0,0.75]",,,,,,,,1,2,True,"{""mid"":2,""t0"":1342.0374673964259,""t1"":1364.3640215117784,""jid"":26,""oid"":4}",1066.277375557311,True
1344.1178359753405,maintenance,1,"[0.6402677297592163,-0.020635806024074554,16.48918914794922,1.0,0.0402677059173584,0.34026771783828735,0.0,0.0,0.0,1344.1177978515625]",0,DN,0.0,0.6402677077523703,-0.020635805911879523,16.489189189189194,1.0,,,,,,
1344.1178359753405,scheduling,,"[1.0,7.0,7.0,0.0,-251.19717407226562,-314.2156066894531,1.0,0.75]",,,,,,,,1,2,True,"{""mid"":1,""t0"":1344.1178359753405,""t1"":1387.0547344161198,""jid"":26,""oid"":4}",1066.277375557311,True
1351.028402341888,maintenance,3,"[0.7664670944213867,-0.026946106925606728,17.311111450195312,1.0,0.1664670705795288,0.4664670526981354,0.0,0.0,2.0,72.93824768066406]",0,DN,0.0,0.7664670658682635,-0.026946107784431073,17.311111111111156,1.0,,,,,,
1351.028402341888,scheduling,,"[1.0,6.0,6.0,0.0,-247.6046600341797,-307.047119140625,1.0,0.75]",,,,,,,,1,2,True,"{""mid"":3,""t0"":1351.028402341888,""t1"":1393.3751866261744,""jid"":39,""oid"":0}",1274.685470907307,True
1364.3640215117784,maintenance,2,"[0.6414790749549866,-0.028938906267285347,11.800000190734863,1.0,0.04147909954190254,0.34147909283638,0.0,0.0,2.0,165.32725524902344]",0,DN,0.0,0.6414790996784566,-0.02893890675241151,11.80000000000003,1.0,,,,,,
1364.3640215117784,scheduling,,"[1.0,6.0,6.0,0.0,-260.9402770996094,-320.3827209472656,1.0,0.75]",,,,,,,,1,2,True,"{""mid"":2,""t0"":1364.3640215117784,""t1"":1399.246661078951,""jid"":34,""oid"":1}",1221.8281344227587,True
1381.5605510488376,maintenance,0,"[0.5792410969734192,-0.0368303582072258,7.581818103790283,1.0,-0.02075892873108387,0.27924108505249023,0.0,0.0,1.0,334.4820556640625]",0,DN,0.0,0.5792410714285714,-0.036830357142857206,7.581818181818168,1.0,,,,,,
1381.5605510488376,scheduling,,"[1.0,5.0,5.0,0.0,-287.2315979003906,-337.5792541503906,1.0,0.75]",,,,,,,,1,2,True,"{""mid"":0,""t0"":1381.5605510488376,""t1"":1430.1777110337653,""jid"":37,""oid"":2}",1214.2505992050255,True
1387.0547344161198,maintenance,1,"[0.6213050484657288,-0.01896263286471367,16.94411849975586,1.0,0.02130507491528988,0.3213050663471222,0.0,0.0,0.0,1387.0546875]",0,DN,0.0,0.6213050752928053,-0.018962632459564976,16.94411764705882,1.0,,,,,,
1387.0547344161198,scheduling,,"[1.0,5.0,5.0,0.0,-292.7257995605469,-343.0734558105469,1.0,0.75]",,,,,,,,1,2,True,"{""mid"":1,""t0"":1387.0547344161198,""t1"":1429.95404695963,""jid"":34,""oid"":1}",1221.8281344227587,True
1393.3751866261744,maintenance,3,"[0.7170658707618713,-0.04940119758248329,8.442423820495605,1.0,0.11706586927175522,0.4170658588409424,0.0,0.0,2.0,115.2850341796875]",0,DN,0.0,0.7170658682634731,-0.04940119760479045,8.442424242424238,1.0,,,,,,
1393.3751866261744,scheduling,,"[1.0,5.0,5.0,0.0,-292.3426513671875,-349.3938903808594,1.0,0.75]",,,,,,,,1,2,True,"{""mid"":3,""t0"":1393.3751866261744,""t1"":1408.6248875066012,""jid"":37,""oid"":2}",1214.2505992050255,True
1399.246661078951,maintenance,2,"[0.5964630246162415,-0.045016076415777206,6.585714340209961,1.0,-0.0035369775723665953,0.2964630126953125,0.0,0.0,2.0,200.20989990234375]",0,DN,0.0,0.5964630225080386,-0.045016077170418,6.585714285714287,1.0,,,,,,
1399.246661078951,scheduling,,"[1.0,5.0,5.0,0.0,-290.4359436035156,-355.265380859375,1.0,0.75]",,,,,,,,1,2,True,"{""mid"":2,""t0"":1399.246661078951,""t1"":1432.8701846223512,""jid"":32,""oid"":3}",1120.0774582045738,True
1408.6248875066012,maintenance,3,"[0.6991018056869507,-0.01796407252550125,22.21666717529297,1.0,0.09910179674625397,0.39910179376602173,0.0,0.0,2.0,130.53472900390625]",0,DN,0.0,0.6991017964071856,-0.017964071856287456,22.21666666666663,1.0,,,,,,
1408.6248875066012,scheduling,,"[1.0,5.0,5.0,0.0,-292.9958801269531,-364.64361572265625,1.0,0.75]",,,,,,,,1,2,True,"{""mid"":3,""t0"":1408.6248875066012,""t1"":1421.3398591271934,""jid"":34,""oid"":2}",1221.8281344227587,True
1421.3398591271934,maintenance,3,"[0.682634711265564,-0.01646706648170948,23.236364364624023,1.0,0.08263473212718964,0.3826347291469574,0.0,0.0,2.0,143.2497100830078]",0,DN,0.0,0.6826347305389222,-0.01646706586826341,23.23636363636373,1.0,,,,,,
1421.3398591271934,scheduling,,"[1.0,5.0,5.0,0.0,-301.1637878417969,-377.35858154296875,1.0,0.75]",,,,,,,,1,0,True,"{""mid"":3,""t0"":1421.3398591271934,""t1"":1467.57716118423,""jid"":37,""oid"":3}",1214.2505992050255,True
1429.95404695963,maintenance,1,"[0.602342426776886,-0.01896263286471367,15.944117546081543,1.0,0.002342442749068141,0.3023424446582794,0.0,0.0,0.0,1429.9541015625]",0,DN,0.0,0.6023424428332403,-0.018962632459564976,15.944117647058821,1.0,,,,,,
1429.95404695963,scheduling,,"[1.0,5.0,5.0,0.0,-304.1810302734375,-385.9727478027344,1.0,0.75]",,,,,,,,1,0,True,"{""mid"":1,""t0"":1429.95404695963,""t1"":1474.6183582308872,""jid"":32,""oid"":3}",1120.0774582045738,True
1430.1777110337653,maintenance,0,"[0.5357142686843872,-0.0435267873108387,5.415384769439697,1.0,-0.06428571790456772,0.23571428656578064,48.61716079711914,0.0,1.0,383.0992126464844]",1,IM,20.0,0.5357142857142857,-0.0435267857142857,5.4153846153846175,1.0,,,,,,
1432.8701846223512,maintenance,2,"[0.5562701225280762,-0.040192924439907074,6.375999927520752,1.0,-0.04372990503907204,0.2562701106071472,33.6235237121582,0.0,2.0,233.8334197998047]",1,IM,20.0,0.5562700964630225,-0.04019292604501612,6.375999999999993,1.0,,,,,,
1450.1777110337653,scheduling,,"[1.0,5.0,5.0,0.0,-308.910400390625,-367.0525207519531,1.0,0.5]",,,,,,,,1,4,True,"{""mid"":0,""t0"":1450.1777110337653,""t1"":1457.0977804931365,""jid"":39,""oid"":1}",1274.685470907307,True
1452.8701846223512,scheduling,,"[1.0,5.0,5.0,0.0,-311.6028747558594,-369.7449951171875,1.0,0.75]",,,,,,,,1,0,True,"{""mid"":2,""t0"":1452.8701846223512,""t1"":1489.8224384190946,""jid"":32,""oid"":4}",1120.0774582045738,True
1457.0977804931365,maintenance,0,"[0.8448660969734192,-0.0013853294076398015,393.31158447265625,1.0,0.24486607313156128,0.5448660850524902,0.0,0.0,2.0,6.920069694519043]",0,DN,0.0,0.8448660714285714,-0.0013853293707615233,393.31157118906344,1.0,,,,,,
1457.0977804931365,scheduling,,"[1.0,5.0,5.0,0.0,-312.92242431640625,-373.9725646972656,1.0,0.75]",,,,,,,,1,0,True,"{""mid"":0,""t0"":1457.0977804931365,""t1"":1506.5887899712002,""jid"":34,""oid"":4}",1221.8281344227587,True
1467.57716118423,maintenance,3,"[0.628742516040802,-0.053892213851213455,6.099999904632568,1.0,0.028742514550685883,0.32874250411987305,0.0,0.0,2.0,189.48699951171875]",0,DN,0.0,0.6287425149700598,-0.05389221556886237,6.099999999999989,1.0,,,,,,
1467.57716118423,scheduling,,"[1.0,4.0,4.0,0.0,-334.8515319824219,-384.45196533203125,1.0,0.75]",,,,,,,,1,0,True,"{""mid"":3,""t0"":1467.57716118423,""t1"":1509.6724099141343,""jid"":34,""oid"":4}",1221.8281344227587,True
1474.6183582308872,maintenance,1,"[0.5822643637657166,-0.020078081637620926,14.058333396911621,1.0,-0.017735637724399567,0.2822643518447876,0.0,0.0,0.0,1474.618408203125]",0,DN,0.0,0.5822643614054657,-0.020078081427774674,14.058333333333335,1.0,,,,,,
1474.6183582308872,scheduling,,"[1.0,3.0,3.0,0.0,-325.3592529296875,-385.1757507324219,1.0,0.75]",,,,,,,,1,0,True,"{""mid"":1,""t0"":1474.6183582308872,""t1"":1501.8190438391375,""jid"":36,""oid"":2}",1147.8206910431365,True
1489.8224384190946,maintenance,2,"[0.8102893829345703,-0.021270927041769028,23.989994049072266,1.0,0.2102893888950348,0.5102893710136414,0.0,0.0,3.0,36.95225524902344]",0,DN,0.0,0.8102893890675241,-0.021270926355520192,23.98999369085281,1.0,,,,,,
1489.8224384190946,scheduling,,"[1.0,3.0,3.0,0.0,-340.5633544921875,-400.37982177734375,1.0,0.75]",,,,,,,,1,0,True,"{""mid"":2,""t0"":1489.8224384190946,""t1"":1529.844038471555,""jid"":34,""oid"":4}",1221.8281344227587,True
1501.8190438391375,maintenance,1,"[0.5699944496154785,-0.012269938364624977,22.004545211791992,1.0,-0.030005577951669693,0.2699944078922272,27.200685501098633,0.0,0.0,1501.819091796875]",1,IM,20.0,0.569994422755159,-0.012269938650306678,22.004545454545585,1.0,,,,,,
1506.5887899712002,maintenance,0,"[0.8247767686843872,-0.02008928544819355,26.122222900390625,1.0,0.22477678954601288,0.5247767567634583,0.0,0.0,2.0,56.41107940673828]",0,DN,0.0,0.8247767857142857,-0.0200892857142857,26.122222222222245,1.0,,,,,,
1509.6724099141343,maintenance,3,"[0.582335352897644,-0.04640718549489975,6.083870887756348,1.0,-0.017664670944213867,0.2823353409767151,0.0,0.0,2.0,231.58226013183594]",0,DN,0.0,0.5823353293413174,-0.046407185628742464,6.083870967741943,1.0,,,,,,
1509.6724099141343,scheduling,,"[2.0,2.0,2.0,0.0,-361.162841796875,-393.02911376953125,1.0,0.25]",,,,,,,,1,4,True,"{""mid"":3,""t0"":1509.6724099141343,""t1"":1527.1363893386952,""jid"":39,""oid"":2}",1274.685470907307,True
1521.8190438391375,scheduling,,"[2.0,2.0,2.0,0.0,-373.3094787597656,-405.1757507324219,1.0,0.5]",,,,,,,,1,4,True,"{""mid"":1,""t0"":1521.8190438391375,""t1"":1539.2145293370352,""jid"":36,""oid"":3}",1147.8206910431365,True
1527.1363893386952,maintenance,3,"[0.5628742575645447,-0.019461078569293022,13.507692337036133,1.0,-0.03712574765086174,0.2628742456436157,17.463979721069336,0.0,2.0,249.04623413085938]",1,IM,20.0,0.562874251497006,-0.019461077844311392,13.507692307692299,1.0,,,,,,
1527.1363893386952,scheduling,,"[1.0,2.0,2.0,0.0,-369.89483642578125,-410.4930725097656,1.0,0.5]",,,,,,,,1,4,True,"{""mid"":0,""t0"":1527.1363893386952,""t1"":1566.9899173479148,""jid"":39,""oid"":3}",1274.685470907307,True
1529.844038471555,maintenance,2,"[0.762057900428772,-0.04823151230812073,9.579999923706055,1.0,0.16205787658691406,0.462057888507843,0.0,0.0,3.0,76.9738540649414]",0,DN,0.0,0.7620578778135049,-0.048231511254019255,9.580000000000009,1.0,,,,,,
1529.844038471555,scheduling,,"[1.0,2.0,2.0,0.0,-372.60247802734375,-413.20074462890625,1.0,0.5]",,,,,,,,1,4,True,"{""mid"":2,""t0"":1529.844038471555,""t1"":1575.4107424145436,""jid"":39,""oid"":3}",1274.685470907307,True
1539.2145293370352,maintenance,1,"[0.8371444344520569,-0.0032823211513459682,163.64773559570312,1.0,0.23714445531368256,0.5371444225311279,0.0,0.0,1.0,17.395484924316406]",0,DN,0.0,0.8371444506413832,-0.003282321217576434,163.6477404359572,1.0,,,,,,
1539.2145293370352,scheduling,,"[1.0,2.0,2.0,0.0,-373.2752380371094,-405.1757507324219,1.0,0.5]",,,,,,,,1,4,True,"{""mid"":1,""t0"":1539.2145293370352,""t1"":1583.7234901544298,""jid"":39,""oid"":3}",1274.685470907307,True
1547.1363893386952,scheduling,,"[1.0,2.0,2.0,0.0,-381.19708251953125,-413.09759521484375,1.0,0.75]",,,,,,,,1,4,True,"{""mid"":3,""t0"":1547.1363893386952,""t1"":1581.6033395420075,""jid"":39,""oid"":3}",1274.685470907307,True
1566.9899173479148,maintenance,0,"[0.7890625,-0.0357142873108387,13.693750381469727,1.0,0.18906250596046448,0.48906248807907104,0.0,0.0,2.0,116.81221008300781]",0,DN,0.0,0.7890625,-0.0357142857142857,13.693750000000007,1.0,,,,,,
1566.9899173479148,scheduling,,"[1.0,2.0,2.0,0.0,-380.5010986328125,-432.9511413574219,1.0,0.75]",,,,,,,,1,0,True,"{""mid"":0,""t0"":1566.9899173479148,""t1"":1575.0990531960272,""jid"":36,""oid"":4}",1147.8206910431365,True
1575.0990531960272,maintenance,0,"[0.78125,-0.0078125,61.599998474121094,1.0,0.18125000596046448,0.48124998807907104,0.0,0.0,2.0,124.92134094238281]",0,DN,0.0,0.78125,-0.0078125,61.6,1.0,,,,,,
1575.0990531960272,scheduling,,"[1.0,1.0,1.0,0.0,-336.16021728515625,-336.16021728515625,1.0,0.75]",,,,,,,,1,4,True,"{""mid"":0,""t0"":1575.0990531960272,""t1"":1610.8456836523733,""jid"":39,""oid"":4}",1274.685470907307,True
1575.4107424145436,maintenance,2,"[0.7041800618171692,-0.057877812534570694,6.983333110809326,0.0,0.10418006777763367,0.40418004989624023,0.0,0.0,3.0,122.54055786132812]",0,DN,0.0,0.7041800643086816,-0.05787781350482324,6.983333333333322,0.0,,,,,,
