sequence_id,family,source_split,data_no,time,end_index,dust_feed,health_remaining_true,dp_proxy_health,rul_true,total_life,is_observed,is_tail_reference,health_remaining_pred,rul_pred,model,fold
test_39,A2,test,39,0.20000000298023224,0,177.3217010498047,0.9945356249809265,1.0,36.400001525878906,36.599998474121094,True,False,0.5627508,20.596679019545263,TCN,0
test_39,A2,test,39,2.200000047683716,20,177.3217010498047,0.9398908019065857,1.0,34.400001525878906,36.599998474121094,True,False,0.3295502,12.061537060947103,TCN,0
test_39,A2,test,39,4.300000190734863,41,177.3217010498047,0.882513701915741,1.0,32.29999923706055,36.599998474121094,True,False,0.28331804,10.369439932528621,TCN,0
test_39,A2,test,39,6.400000095367432,62,177.3217010498047,0.825136661529541,1.0,30.200000762939453,36.599998474121094,True,False,0.2908498,10.645102414741814,TCN,0
test_39,A2,test,39,8.5,83,177.3217010498047,0.7677596211433411,1.0,28.100000381469727,36.599998474121094,True,False,0.23304677,8.529511429906051,TCN,0
test_39,A2,test,39,10.600000381469727,104,177.3217010498047,0.7103825211524963,1.0,26.0,36.599998474121094,True,False,0.2100226,7.686826784814684,TCN,0
test_39,A2,test,39,12.699999809265137,125,177.3217010498047,0.6530054807662964,0.9868659973144531,23.899999618530273,36.599998474121094,True,False,0.28610808,10.471555165984228,TCN,0
test_39,A2,test,39,14.800000190734863,146,177.3217010498047,0.5956284403800964,0.9648500084877014,21.799999237060547,36.599998474121094,True,False,0.29721463,10.878054904419514,TCN,0
test_39,A2,test,39,16.799999237060547,166,177.3217010498047,0.5409836173057556,0.9277375340461731,19.799999237060547,36.599998474121094,True,False,0.22221768,8.133166713191713,TCN,0
test_39,A2,test,39,18.899999618530273,187,177.3217010498047,0.48360660672187805,0.8774154782295227,17.700000762939453,36.599998474121094,True,False,0.30035716,10.993071705750026,TCN,0
test_39,A2,test,39,21.0,208,177.3217010498047,0.4262295365333557,0.8283514380455017,15.600000381469727,36.599998474121094,True,False,0.24008852,8.787239554746975,TCN,0
test_39,A2,test,39,23.100000381469727,229,177.3217010498047,0.3688524663448334,0.7657632827758789,13.5,36.599998474121094,True,False,0.24276717,8.885278054187324,TCN,0
test_39,A2,test,39,25.200000762939453,250,177.3217010498047,0.3114754259586334,0.6891794800758362,11.399999618530273,36.599998474121094,True,False,0.20256348,7.413823042176659,TCN,0
test_39,A2,test,39,27.299999237060547,271,177.3217010498047,0.25409838557243347,0.605047345161438,9.300000190734863,36.599998474121094,True,False,0.18666469,6.831927208386901,TCN,0
test_39,A2,test,39,29.399999618530273,292,177.3217010498047,0.19672131538391113,0.4913509488105774,7.199999809265137,36.599998474121094,True,False,0.28074977,10.275441081095096,TCN,0
test_39,A2,test,39,31.5,313,177.3217010498047,0.13934426009655,0.3669610321521759,5.099999904632568,36.599998474121094,True,False,0.27492905,10.06240268718102,TCN,0
test_39,A2,test,39,31.600000381469727,314,177.3217010498047,0.1366119754400191,,4.999998092651367,36.599998474121094,False,True,,,TCN,0
test_39,A2,test,39,31.700000762939453,315,177.3217010498047,0.1338797244662811,,4.899997711181641,36.599998474121094,False,True,,,TCN,0
test_39,A2,test,39,31.80000114440918,316,177.3217010498047,0.1311474734925431,,4.799997329711914,36.599998474121094,False,True,,,TCN,0
test_39,A2,test,39,31.900001525878906,317,177.3217010498047,0.1284152225188051,,4.6999969482421875,36.599998474121094,False,True,,,TCN,0
test_39,A2,test,39,32.0,318,177.3217010498047,0.1256830236584199,,4.599998474121094,36.599998474121094,False,True,,,TCN,0
test_39,A2,test,39,32.10000228881836,319,177.3217010498047,0.12295072057132911,,4.499996185302734,36.599998474121094,False,True,,,TCN,0
test_39,A2,test,39,32.20000457763672,320,177.3217010498047,0.12021841748423831,,4.399993896484375,36.599998474121094,False,True,,,TCN,0
test_39,A2,test,39,32.30000305175781,321,177.3217010498047,0.11748621862385311,,4.299995422363281,36.599998474121094,False,True,,,TCN,0
test_39,A2,test,39,32.400001525878906,322,177.3217010498047,0.11475401976346791,,4.1999969482421875,36.599998474121094,False,True,,,TCN,0
test_39,A2,test,39,32.500003814697266,323,177.3217010498047,0.11202171667637713,,4.099994659423828,36.599998474121094,False,True,,,TCN,0
test_39,A2,test,39,32.600006103515625,324,177.3217010498047,0.10928941358928633,,3.9999923706054688,36.599998474121094,False,True,,,TCN,0
test_39,A2,test,39,32.70000457763672,325,177.3217010498047,0.10655721472890113,,3.899993896484375,36.599998474121094,False,True,,,TCN,0
test_39,A2,test,39,32.80000305175781,326,177.3217010498047,0.10382501586851593,,3.7999954223632812,36.599998474121094,False,True,,,TCN,0
test_39,A2,test,39,32.90000534057617,327,177.3217010498047,0.10109271278142513,,3.699993133544922,36.599998474121094,False,True,,,TCN,0
test_39,A2,test,39,33.00000762939453,328,177.3217010498047,0.09836040969433434,,3.5999908447265625,36.599998474121094,False,True,,,TCN,0
test_39,A2,test,39,33.100006103515625,329,177.3217010498047,0.09562821083394914,,3.4999923706054688,36.599998474121094,False,True,,,TCN,0
test_39,A2,test,39,33.20000457763672,330,177.3217010498047,0.09289601197356394,,3.399993896484375,36.599998474121094,False,True,,,TCN,0
test_39,A2,test,39,33.30000686645508,331,177.3217010498047,0.09016370888647314,,3.2999916076660156,36.599998474121094,False,True,,,TCN,0
test_39,A2,test,39,33.40000915527344,332,177.3217010498047,0.08743140579938236,,3.1999893188476562,36.599998474121094,False,True,,,TCN,0
test_39,A2,test,39,33.50000762939453,333,177.3217010498047,0.08469920693899716,,3.0999908447265625,36.599998474121094,False,True,,,TCN,0
test_39,A2,test,39,33.600006103515625,334,177.3217010498047,0.08196700807861194,,2.9999923706054688,36.599998474121094,False,True,,,TCN,0
test_39,A2,test,39,33.700008392333984,335,177.3217010498047,0.07923470499152116,,2.8999900817871094,36.599998474121094,False,True,,,TCN,0
test_39,A2,test,39,33.800010681152344,336,177.3217010498047,0.07650240190443036,,2.79998779296875,36.599998474121094,False,True,,,TCN,0
test_39,A2,test,39,33.90000915527344,337,177.3217010498047,0.07377020304404516,,2.6999893188476562,36.599998474121094,False,True,,,TCN,0
test_39,A2,test,39,34.00000762939453,338,177.3217010498047,0.07103800418365996,,2.5999908447265625,36.599998474121094,False,True,,,TCN,0
test_39,A2,test,39,34.10000991821289,339,177.3217010498047,0.06830570109656917,,2.499988555908203,36.599998474121094,False,True,,,TCN,0
test_39,A2,test,39,34.20001220703125,340,177.3217010498047,0.06557339800947838,,2.3999862670898438,36.599998474121094,False,True,,,TCN,0
test_39,A2,test,39,34.300010681152344,341,177.3217010498047,0.06284119914909317,,2.29998779296875,36.599998474121094,False,True,,,TCN,0
test_39,A2,test,39,34.40000915527344,342,177.3217010498047,0.06010900028870798,,2.1999893188476562,36.599998474121094,False,True,,,TCN,0
test_39,A2,test,39,34.5000114440918,343,177.3217010498047,0.05737669720161718,,2.099987030029297,36.599998474121094,False,True,,,TCN,0
test_39,A2,test,39,34.600013732910156,344,177.3217010498047,0.05464439411452639,,1.9999847412109375,36.599998474121094,False,True,,,TCN,0
test_39,A2,test,39,34.70001220703125,345,177.3217010498047,0.05191219525414119,,1.8999862670898438,36.599998474121094,False,True,,,TCN,0
test_39,A2,test,39,34.800010681152344,346,177.3217010498047,0.04917999639375599,,1.79998779296875,36.599998474121094,False,True,,,TCN,0
test_39,A2,test,39,34.9000129699707,347,177.3217010498047,0.04644769330666519,,1.6999855041503906,36.599998474121094,False,True,,,TCN,0
test_39,A2,test,39,35.00001525878906,348,177.3217010498047,0.0437153902195744,,1.5999832153320312,36.599998474121094,False,True,,,TCN,0
test_39,A2,test,39,35.100013732910156,349,177.3217010498047,0.0409831913591892,,1.4999847412109375,36.599998474121094,False,True,,,TCN,0
test_39,A2,test,39,35.20001220703125,350,177.3217010498047,0.038250992498803996,,1.3999862670898438,36.599998474121094,False,True,,,TCN,0
test_39,A2,test,39,35.30001449584961,351,177.3217010498047,0.035518689411713204,,1.2999839782714844,36.599998474121094,False,True,,,TCN,0
test_39,A2,test,39,35.40001678466797,352,177.3217010498047,0.03278638632462241,,1.199981689453125,36.599998474121094,False,True,,,TCN,0
test_39,A2,test,39,35.50001525878906,353,177.3217010498047,0.03005418746423721,,1.0999832153320312,36.599998474121094,False,True,,,TCN,0
test_39,A2,test,39,35.600013732910156,354,177.3217010498047,0.027321988603852012,,0.9999847412109375,36.599998474121094,False,True,,,TCN,0
test_39,A2,test,39,35.700016021728516,355,177.3217010498047,0.024589685516761217,,0.8999824523925781,36.599998474121094,False,True,,,TCN,0
test_39,A2,test,39,35.800018310546875,356,177.3217010498047,0.021857382429670426,,0.7999801635742188,36.599998474121094,False,True,,,TCN,0
test_39,A2,test,39,35.90001678466797,357,177.3217010498047,0.019125183569285224,,0.699981689453125,36.599998474121094,False,True,,,TCN,0
test_39,A2,test,39,36.00001525878906,358,177.3217010498047,0.01639298470890002,,0.5999832153320312,36.599998474121094,False,True,,,TCN,0
test_39,A2,test,39,36.10001754760742,359,177.3217010498047,0.01366068162180923,,0.4999809265136719,36.599998474121094,False,True,,,TCN,0
test_39,A2,test,39,36.20001983642578,360,177.3217010498047,0.010928378534718437,,0.3999786376953125,36.599998474121094,False,True,,,TCN,0
test_39,A2,test,39,36.300018310546875,361,177.3217010498047,0.008196179674333236,,0.29998016357421875,36.599998474121094,False,True,,,TCN,0
test_39,A2,test,39,36.40001678466797,362,177.3217010498047,0.005463980813948035,,0.199981689453125,36.599998474121094,False,True,,,TCN,0
test_39,A2,test,39,36.50001907348633,363,177.3217010498047,0.0027316777268572416,,0.09997940063476562,36.599998474121094,False,True,,,TCN,0
test_39,A2,test,39,36.60002136230469,364,177.3217010498047,0.0,,0.0,36.599998474121094,False,True,,,TCN,0
test_46,A2,test,46,0.10000000149011612,0,237.73880004882812,0.9963235259056091,1.0,27.100000381469727,27.200000762939453,True,False,0.4292602,11.6758776125032,TCN,0
test_46,A2,test,46,1.0,9,237.73880004882812,0.9632353186607361,1.0,26.200000762939453,27.200000762939453,True,False,0.25602978,6.964010338615253,TCN,0
test_46,A2,test,46,2.0,19,237.73880004882812,0.9264705777168274,1.0,25.200000762939453,27.200000762939453,True,False,0.34706917,9.440281798987712,TCN,0
test_46,A2,test,46,3.0,29,237.73880004882812,0.8897058963775635,0.9862369298934937,24.200000762939453,27.200000762939453,True,False,0.29289883,7.96684850150973,TCN,0
test_46,A2,test,46,4.0,39,237.73880004882812,0.8529411554336548,0.9796320796012878,23.200000762939453,27.200000762939453,True,False,0.241081,6.557403366913604,TCN,0
test_46,A2,test,46,5.0,49,237.73880004882812,0.8161764740943909,0.9678378701210022,22.200000762939453,27.200000762939453,True,False,0.19507721,5.306100278913277,TCN,0
test_46,A2,test,46,6.0,59,237.73880004882812,0.779411792755127,0.9568299651145935,21.200000762939453,27.200000762939453,True,False,0.31899017,8.676532893364083,TCN,0
test_46,A2,test,46,7.0,69,237.73880004882812,0.7426470518112183,0.9481808543205261,20.200000762939453,27.200000762939453,True,False,0.23579651,6.413665283810815,TCN,0
test_46,A2,test,46,8.0,79,237.73880004882812,0.7058823704719543,0.9327697157859802,19.200000762939453,27.200000762939453,True,False,0.22332133,6.074340442330424,TCN,0
test_46,A2,test,46,9.0,89,237.73880004882812,0.6691176295280457,0.9200319647789001,18.200000762939453,27.200000762939453,True,False,0.2260683,6.149058013777392,TCN,0
test_46,A2,test,46,10.0,99,237.73880004882812,0.6323529481887817,0.8923547863960266,17.200000762939453,27.200000762939453,True,False,0.27657354,7.522800465830642,TCN,0
test_46,A2,test,46,11.0,109,237.73880004882812,0.5955882668495178,0.8859073519706726,16.200000762939453,27.200000762939453,True,False,0.27233708,7.407568757886565,TCN,0
test_46,A2,test,46,12.0,119,237.73880004882812,0.5588235259056091,0.8638914823532104,15.199999809265137,27.200000762939453,True,False,0.2526964,6.873342134625545,TCN,0
test_46,A2,test,46,13.0,129,237.73880004882812,0.5220587849617004,0.8377867937088013,14.199999809265137,27.200000762939453,True,False,0.31713754,8.626141313276321,TCN,0
test_46,A2,test,46,14.0,139,237.73880004882812,0.4852941036224365,0.8058638572692871,13.199999809265137,27.200000762939453,True,False,0.23007125,6.2579380837030385,TCN,0
test_46,A2,test,46,15.0,149,237.73880004882812,0.4485293924808502,0.7786584496498108,12.199999809265137,27.200000762939453,True,False,0.2758828,7.504012652117012,TCN,0
test_46,A2,test,46,15.100000381469727,150,237.73880004882812,0.4448529427233039,,12.100000381469727,27.200000762939453,False,True,,,TCN,0
test_46,A2,test,46,15.199999809265137,151,237.73880004882812,0.44117649327512365,,12.000000953674316,27.200000762939453,False,True,,,TCN,0
test_46,A2,test,46,15.299999237060547,152,237.73880004882812,0.43750004382694346,,11.900001525878906,27.200000762939453,False,True,,,TCN,0
test_46,A2,test,46,15.399998664855957,153,237.73880004882812,0.4338235943787632,,11.800002098083496,27.200000762939453,False,True,,,TCN,0
test_46,A2,test,46,15.499998092651367,154,237.73880004882812,0.43014714493058304,,11.700002670288086,27.200000762939453,False,True,,,TCN,0
test_46,A2,test,46,15.599997520446777,155,237.73880004882812,0.4264706954824028,,11.600003242492676,27.200000762939453,False,True,,,TCN,0
test_46,A2,test,46,15.699996948242188,156,237.73880004882812,0.4227942460342226,,11.500003814697266,27.200000762939453,False,True,,,TCN,0
test_46,A2,test,46,15.799996376037598,157,237.73880004882812,0.41911779658604237,,11.400004386901855,27.200000762939453,False,True,,,TCN,0
test_46,A2,test,46,15.899995803833008,158,237.73880004882812,0.4154413471378622,,11.300004959106445,27.200000762939453,False,True,,,TCN,0
test_46,A2,test,46,15.999995231628418,159,237.73880004882812,0.41176489768968194,,11.200005531311035,27.200000762939453,False,True,,,TCN,0
test_46,A2,test,46,16.099994659423828,160,237.73880004882812,0.40808844824150176,,11.100006103515625,27.200000762939453,False,True,,,TCN,0
test_46,A2,test,46,16.199993133544922,161,237.73880004882812,0.4044120338548763,,11.000007629394531,27.200000762939453,False,True,,,TCN,0
test_46,A2,test,46,16.29999351501465,162,237.73880004882812,0.40073554934514133,,10.900007247924805,27.200000762939453,False,True,,,TCN,0
test_46,A2,test,46,16.399993896484375,163,237.73880004882812,0.3970590648354063,,10.800006866455078,27.200000762939453,False,True,,,TCN,0
test_46,A2,test,46,16.49999237060547,164,237.73880004882812,0.3933826504487809,,10.700008392333984,27.200000762939453,False,True,,,TCN,0
test_46,A2,test,46,16.599990844726562,165,237.73880004882812,0.38970623606215543,,10.60000991821289,27.200000762939453,False,True,,,TCN,0
test_46,A2,test,46,16.69999122619629,166,237.73880004882812,0.3860297515524205,,10.500009536743164,27.200000762939453,False,True,,,TCN,0
test_46,A2,test,46,16.799991607666016,167,237.73880004882812,0.38235326704268546,,10.400009155273438,27.200000762939453,False,True,,,TCN,0
test_46,A2,test,46,16.89999008178711,168,237.73880004882812,0.37867685265606005,,10.300010681152344,27.200000762939453,False,True,,,TCN,0
test_46,A2,test,46,16.999988555908203,169,237.73880004882812,0.3750004382694346,,10.20001220703125,27.200000762939453,False,True,,,TCN,0
test_46,A2,test,46,17.09998893737793,170,237.73880004882812,0.3713239537596996,,10.100011825561523,27.200000762939453,False,True,,,TCN,0
test_46,A2,test,46,17.199989318847656,171,237.73880004882812,0.3676474692499646,,10.000011444091797,27.200000762939453,False,True,,,TCN,0
test_46,A2,test,46,17.29998779296875,172,237.73880004882812,0.3639710548633392,,9.900012969970703,27.200000762939453,False,True,,,TCN,0
test_46,A2,test,46,17.399986267089844,173,237.73880004882812,0.3602946404767137,,9.80001449584961,27.200000762939453,False,True,,,TCN,0
test_46,A2,test,46,17.49998664855957,174,237.73880004882812,0.35661815596697877,,9.700014114379883,27.200000762939453,False,True,,,TCN,0
test_46,A2,test,46,17.599987030029297,175,237.73880004882812,0.35294167145724376,,9.600013732910156,27.200000762939453,False,True,,,TCN,0
test_46,A2,test,46,17.69998550415039,176,237.73880004882812,0.34926525707061834,,9.500015258789062,27.200000762939453,False,True,,,TCN,0
test_46,A2,test,46,17.799983978271484,177,237.73880004882812,0.34558884268399287,,9.400016784667969,27.200000762939453,False,True,,,TCN,0
test_46,A2,test,46,17.89998435974121,178,237.73880004882812,0.3419123581742579,,9.300016403198242,27.200000762939453,False,True,,,TCN,0
test_46,A2,test,46,17.999984741210938,179,237.73880004882812,0.3382358736645229,,9.200016021728516,27.200000762939453,False,True,,,TCN,0
test_46,A2,test,46,18.09998321533203,180,237.73880004882812,0.3345594592778975,,9.100017547607422,27.200000762939453,False,True,,,TCN,0
test_46,A2,test,46,18.199981689453125,181,237.73880004882812,0.330883044891272,,9.000019073486328,27.200000762939453,False,True,,,TCN,0
test_46,A2,test,46,18.29998207092285,182,237.73880004882812,0.32720656038153706,,8.900018692016602,27.200000762939453,False,True,,,TCN,0
test_46,A2,test,46,18.399982452392578,183,237.73880004882812,0.32353007587180205,,8.800018310546875,27.200000762939453,False,True,,,TCN,0
test_46,A2,test,46,18.499980926513672,184,237.73880004882812,0.31985366148517663,,8.700019836425781,27.200000762939453,False,True,,,TCN,0
test_46,A2,test,46,18.599979400634766,185,237.73880004882812,0.31617724709855116,,8.600021362304688,27.200000762939453,False,True,,,TCN,0
test_46,A2,test,46,18.699979782104492,186,237.73880004882812,0.31250076258881615,,8.500020980834961,27.200000762939453,False,True,,,TCN,0
test_46,A2,test,46,18.79998016357422,187,237.73880004882812,0.3088242780790812,,8.400020599365234,27.200000762939453,False,True,,,TCN,0
test_46,A2,test,46,18.899978637695312,188,237.73880004882812,0.3051478636924557,,8.30002212524414,27.200000762939453,False,True,,,TCN,0
test_46,A2,test,46,18.999977111816406,189,237.73880004882812,0.3014714493058303,,8.200023651123047,27.200000762939453,False,True,,,TCN,0
test_46,A2,test,46,19.099977493286133,190,237.73880004882812,0.2977949647960953,,8.10002326965332,27.200000762939453,False,True,,,TCN,0
test_46,A2,test,46,19.19997787475586,191,237.73880004882812,0.29411848028636034,,8.000022888183594,27.200000762939453,False,True,,,TCN,0
test_46,A2,test,46,19.299976348876953,192,237.73880004882812,0.29044206589973487,,7.9000244140625,27.200000762939453,False,True,,,TCN,0
test_46,A2,test,46,19.399974822998047,193,237.73880004882812,0.28676565151310945,,7.800025939941406,27.200000762939453,False,True,,,TCN,0
test_46,A2,test,46,19.499975204467773,194,237.73880004882812,0.28308916700337444,,7.70002555847168,27.200000762939453,False,True,,,TCN,0
test_46,A2,test,46,19.5999755859375,195,237.73880004882812,0.2794126824936395,,7.600025177001953,27.200000762939453,False,True,,,TCN,0
test_46,A2,test,46,19.699974060058594,196,237.73880004882812,0.275736268107014,,7.500026702880859,27.200000762939453,False,True,,,TCN,0
test_46,A2,test,46,19.799972534179688,197,237.73880004882812,0.2720598537203886,,7.400028228759766,27.200000762939453,False,True,,,TCN,0
test_46,A2,test,46,19.899972915649414,198,237.73880004882812,0.2683833692106536,,7.300027847290039,27.200000762939453,False,True,,,TCN,0
test_46,A2,test,46,19.99997329711914,199,237.73880004882812,0.26470688470091863,,7.2000274658203125,27.200000762939453,False,True,,,TCN,0
test_46,A2,test,46,20.099971771240234,200,237.73880004882812,0.26103047031429316,,7.100028991699219,27.200000762939453,False,True,,,TCN,0
test_46,A2,test,46,20.199970245361328,201,237.73880004882812,0.25735405592766775,,7.000030517578125,27.200000762939453,False,True,,,TCN,0
test_46,A2,test,46,20.299970626831055,202,237.73880004882812,0.25367757141793273,,6.900030136108398,27.200000762939453,False,True,,,TCN,0
test_46,A2,test,46,20.39997100830078,203,237.73880004882812,0.2500010869081978,,6.800029754638672,27.200000762939453,False,True,,,TCN,0
test_46,A2,test,46,20.499969482421875,204,237.73880004882812,0.24632467252157234,,6.700031280517578,27.200000762939453,False,True,,,TCN,0
test_46,A2,test,46,20.59996795654297,205,237.73880004882812,0.24264825813494686,,6.600032806396484,27.200000762939453,False,True,,,TCN,0
test_46,A2,test,46,20.699968338012695,206,237.73880004882812,0.23897177362521188,,6.500032424926758,27.200000762939453,False,True,,,TCN,0
test_46,A2,test,46,20.799968719482422,207,237.73880004882812,0.23529528911547692,,6.400032043457031,27.200000762939453,False,True,,,TCN,0
test_46,A2,test,46,20.899967193603516,208,237.73880004882812,0.23161887472885145,,6.3000335693359375,27.200000762939453,False,True,,,TCN,0
test_46,A2,test,46,20.99996566772461,209,237.73880004882812,0.227942460342226,,6.200035095214844,27.200000762939453,False,True,,,TCN,0
test_46,A2,test,46,21.099966049194336,210,237.73880004882812,0.22426597583249103,,6.100034713745117,27.200000762939453,False,True,,,TCN,0
test_46,A2,test,46,21.199966430664062,211,237.73880004882812,0.22058949132275607,,6.000034332275391,27.200000762939453,False,True,,,TCN,0
test_46,A2,test,46,21.299964904785156,212,237.73880004882812,0.2169130769361306,,5.900035858154297,27.200000762939453,False,True,,,TCN,0
test_46,A2,test,46,21.39996337890625,213,237.73880004882812,0.21323666254950516,,5.800037384033203,27.200000762939453,False,True,,,TCN,0
test_46,A2,test,46,21.499963760375977,214,237.73880004882812,0.20956017803977017,,5.700037002563477,27.200000762939453,False,True,,,TCN,0
test_46,A2,test,46,21.599964141845703,215,237.73880004882812,0.2058836935300352,,5.60003662109375,27.200000762939453,False,True,,,TCN,0
test_46,A2,test,46,21.699962615966797,216,237.73880004882812,0.20220727914340975,,5.500038146972656,27.200000762939453,False,True,,,TCN,0
test_46,A2,test,46,21.79996109008789,217,237.73880004882812,0.1985308647567843,,5.4000396728515625,27.200000762939453,False,True,,,TCN,0
test_46,A2,test,46,21.899961471557617,218,237.73880004882812,0.19485438024704932,,5.300039291381836,27.200000762939453,False,True,,,TCN,0
test_46,A2,test,46,21.999961853027344,219,237.73880004882812,0.19117789573731434,,5.200038909912109,27.200000762939453,False,True,,,TCN,0
test_46,A2,test,46,22.099960327148438,220,237.73880004882812,0.1875014813506889,,5.100040435791016,27.200000762939453,False,True,,,TCN,0
test_46,A2,test,46,22.19995880126953,221,237.73880004882812,0.18382506696406345,,5.000041961669922,27.200000762939453,False,True,,,TCN,0
test_46,A2,test,46,22.299959182739258,222,237.73880004882812,0.18014858245432847,,4.900041580200195,27.200000762939453,False,True,,,TCN,0
test_46,A2,test,46,22.399959564208984,223,237.73880004882812,0.17647209794459348,,4.800041198730469,27.200000762939453,False,True,,,TCN,0
test_46,A2,test,46,22.499958038330078,224,237.73880004882812,0.17279568355796804,,4.700042724609375,27.200000762939453,False,True,,,TCN,0
test_46,A2,test,46,22.599956512451172,225,237.73880004882812,0.1691192691713426,,4.600044250488281,27.200000762939453,False,True,,,TCN,0
test_46,A2,test,46,22.6999568939209,226,237.73880004882812,0.1654427846616076,,4.500043869018555,27.200000762939453,False,True,,,TCN,0
test_46,A2,test,46,22.799957275390625,227,237.73880004882812,0.16176630015187263,,4.400043487548828,27.200000762939453,False,True,,,TCN,0
test_46,A2,test,46,22.89995574951172,228,237.73880004882812,0.15808988576524718,,4.300045013427734,27.200000762939453,False,True,,,TCN,0
test_46,A2,test,46,22.999954223632812,229,237.73880004882812,0.15441347137862174,,4.200046539306641,27.200000762939453,False,True,,,TCN,0
test_46,A2,test,46,23.09995460510254,230,237.73880004882812,0.15073698686888676,,4.100046157836914,27.200000762939453,False,True,,,TCN,0
test_46,A2,test,46,23.199954986572266,231,237.73880004882812,0.14706050235915177,,4.0000457763671875,27.200000762939453,False,True,,,TCN,0
test_46,A2,test,46,23.29995346069336,232,237.73880004882812,0.14338408797252633,,3.9000473022460938,27.200000762939453,False,True,,,TCN,0
test_46,A2,test,46,23.399951934814453,233,237.73880004882812,0.1397076735859009,,3.800048828125,27.200000762939453,False,True,,,TCN,0
test_46,A2,test,46,23.49995231628418,234,237.73880004882812,0.1360311890761659,,3.7000484466552734,27.200000762939453,False,True,,,TCN,0
test_46,A2,test,46,23.599952697753906,235,237.73880004882812,0.13235470456643092,,3.600048065185547,27.200000762939453,False,True,,,TCN,0
test_46,A2,test,46,23.699951171875,236,237.73880004882812,0.12867829017980548,,3.500049591064453,27.200000762939453,False,True,,,TCN,0
test_46,A2,test,46,23.799949645996094,237,237.73880004882812,0.12500187579318003,,3.4000511169433594,27.200000762939453,False,True,,,TCN,0
test_46,A2,test,46,23.89995002746582,238,237.73880004882812,0.12132539128344504,,3.300050735473633,27.200000762939453,False,True,,,TCN,0
test_46,A2,test,46,23.999950408935547,239,237.73880004882812,0.11764890677371007,,3.2000503540039062,27.200000762939453,False,True,,,TCN,0
test_46,A2,test,46,24.09994888305664,240,237.73880004882812,0.11397249238708461,,3.1000518798828125,27.200000762939453,False,True,,,TCN,0
test_46,A2,test,46,24.199947357177734,241,237.73880004882812,0.11029607800045917,,3.0000534057617188,27.200000762939453,False,True,,,TCN,0
test_46,A2,test,46,24.29994773864746,242,237.73880004882812,0.10661959349072418,,2.900053024291992,27.200000762939453,False,True,,,TCN,0
test_46,A2,test,46,24.399948120117188,243,237.73880004882812,0.1029431089809892,,2.8000526428222656,27.200000762939453,False,True,,,TCN,0
test_46,A2,test,46,24.49994659423828,244,237.73880004882812,0.09926669459436376,,2.700054168701172,27.200000762939453,False,True,,,TCN,0
test_46,A2,test,46,24.599945068359375,245,237.73880004882812,0.09559028020773831,,2.600055694580078,27.200000762939453,False,True,,,TCN,0
test_46,A2,test,46,24.6999454498291,246,237.73880004882812,0.09191379569800333,,2.5000553131103516,27.200000762939453,False,True,,,TCN,0
test_46,A2,test,46,24.799945831298828,247,237.73880004882812,0.08823731118826834,,2.400054931640625,27.200000762939453,False,True,,,TCN,0
test_46,A2,test,46,24.899944305419922,248,237.73880004882812,0.0845608968016429,,2.3000564575195312,27.200000762939453,False,True,,,TCN,0
test_46,A2,test,46,24.999942779541016,249,237.73880004882812,0.08088448241501746,,2.2000579833984375,27.200000762939453,False,True,,,TCN,0
test_46,A2,test,46,25.099943161010742,250,237.73880004882812,0.07720799790528247,,2.100057601928711,27.200000762939453,False,True,,,TCN,0
test_46,A2,test,46,25.19994354248047,251,237.73880004882812,0.07353151339554749,,2.0000572204589844,27.200000762939453,False,True,,,TCN,0
test_46,A2,test,46,25.299942016601562,252,237.73880004882812,0.06985509900892205,,1.9000587463378906,27.200000762939453,False,True,,,TCN,0
test_46,A2,test,46,25.399940490722656,253,237.73880004882812,0.06617868462229659,,1.8000602722167969,27.200000762939453,False,True,,,TCN,0
test_46,A2,test,46,25.499940872192383,254,237.73880004882812,0.06250220011256162,,1.7000598907470703,27.200000762939453,False,True,,,TCN,0
test_46,A2,test,46,25.59994125366211,255,237.73880004882812,0.058825715602826636,,1.6000595092773438,27.200000762939453,False,True,,,TCN,0
test_46,A2,test,46,25.699939727783203,256,237.73880004882812,0.05514930121620119,,1.50006103515625,27.200000762939453,False,True,,,TCN,0
test_46,A2,test,46,25.799938201904297,257,237.73880004882812,0.05147288682957574,,1.4000625610351562,27.200000762939453,False,True,,,TCN,0
test_46,A2,test,46,25.899938583374023,258,237.73880004882812,0.04779640231984076,,1.3000621795654297,27.200000762939453,False,True,,,TCN,0
test_46,A2,test,46,25.99993896484375,259,237.73880004882812,0.044119917810105776,,1.2000617980957031,27.200000762939453,False,True,,,TCN,0
test_46,A2,test,46,26.099937438964844,260,237.73880004882812,0.04044350342348033,,1.1000633239746094,27.200000762939453,False,True,,,TCN,0
test_46,A2,test,46,26.199935913085938,261,237.73880004882812,0.03676708903685488,,1.0000648498535156,27.200000762939453,False,True,,,TCN,0
test_46,A2,test,46,26.299936294555664,262,237.73880004882812,0.0330906045271199,,0.9000644683837891,27.200000762939453,False,True,,,TCN,0
test_46,A2,test,46,26.39993667602539,263,237.73880004882812,0.029414120017384922,,0.8000640869140625,27.200000762939453,False,True,,,TCN,0
test_46,A2,test,46,26.499935150146484,264,237.73880004882812,0.025737705630759476,,0.7000656127929688,27.200000762939453,False,True,,,TCN,0
test_46,A2,test,46,26.599933624267578,265,237.73880004882812,0.022061291244134026,,0.600067138671875,27.200000762939453,False,True,,,TCN,0
test_46,A2,test,46,26.699934005737305,266,237.73880004882812,0.018384806734399045,,0.5000667572021484,27.200000762939453,False,True,,,TCN,0
test_46,A2,test,46,26.79993438720703,267,237.73880004882812,0.014708322224664064,,0.4000663757324219,27.200000762939453,False,True,,,TCN,0
test_46,A2,test,46,26.899932861328125,268,237.73880004882812,0.011031907838038618,,0.3000679016113281,27.200000762939453,False,True,,,TCN,0
test_46,A2,test,46,26.99993133544922,269,237.73880004882812,0.00735549345141317,,0.20006942749023438,27.200000762939453,False,True,,,TCN,0
test_46,A2,test,46,27.099931716918945,270,237.73880004882812,0.003679008941678189,,0.10006904602050781,27.200000762939453,False,True,,,TCN,0
test_46,A2,test,46,27.199932098388672,271,237.73880004882812,2.524431943208135e-06,,6.866455078125e-05,27.200000762939453,False,True,,,TCN,0
