mid,maint_seq_machine,status,primary_mode,compare_mode,primary_action,compare_action,primary_time,compare_time,primary_h,compare_h,primary_duration,compare_duration
0,1,same_action,hier_ddqn,pomcp,DN,DN,143.50315657819144,203.08892059928533,0.9686594171362156,0.9612430221817752,0.0,0.0
0,2,same_action,hier_ddqn,pomcp,DN,DN,198.39128942875513,272.3178339794859,0.9269534473198578,0.891708381620286,0.0,0.0
0,3,same_action,hier_ddqn,pomcp,DN,DN,222.32594589270929,290.30369709969693,0.8800746794833912,0.8633684363563912,0.0,0.0
0,4,same_action,hier_ddqn,pomcp,DN,DN,257.90987197897203,340.69015898619733,0.8254545056730298,0.813853792040663,0.0,0.0
0,5,different_action,hier_ddqn,pomcp,DN,IM,275.89573509918307,366.91248692549914,0.7966241042107882,0.7754539819721571,0.0,10.0
0,6,same_action,hier_ddqn,pomcp,DN,DN,305.73565884104136,406.6678472625726,0.7632500667206775,0.7747727082853693,0.0,0.0
0,7,same_action,hier_ddqn,pomcp,DN,DN,366.91248692549914,434.5053705022973,0.7248502566521716,0.7523813371403035,0.0,0.0
0,8,same_action,hier_ddqn,pomcp,DN,DN,406.6678472625726,441.96322238721723,0.6987472232670707,0.7406301571834537,0.0,0.0
0,9,same_action,hier_ddqn,pomcp,DN,DN,434.5053705022973,471.79076558131345,0.6763558521220049,0.6936315263239063,0.0,0.0
0,10,same_action,hier_ddqn,pomcp,DN,DN,441.96322238721723,492.38788321134246,0.6646046721651553,0.661177082390488,0.0,0.0
0,11,same_action,hier_ddqn,pomcp,DN,DN,471.79076558131345,503.3794972506376,0.6176060413056078,0.6438578279208238,0.0,0.0
0,12,same_action,hier_ddqn,pomcp,DN,DN,492.38788321134246,520.767892632705,0.5851515973721895,0.6164592999735607,0.0,0.0
0,13,same_action,hier_ddqn,pomcp,DN,DN,509.77627859340987,528.4572939010362,0.5577530694249263,0.6043432725357807,0.0,0.0
0,14,same_action,hier_ddqn,pomcp,DN,DN,536.4409153203201,561.456154174487,0.5117367439886995,0.5523476642255172,0.0,0.0
0,15,same_action,hier_ddqn,pomcp,DN,DN,577.9060256872808,608.9853029148023,0.44640104392765945,0.4774569867674843,0.0,0.0
0,16,same_action,hier_ddqn,pomcp,DN,DN,625.4351744275962,681.0695633175588,0.3715103664696267,0.40432486859770145,0.0,0.0
0,17,same_action,hier_ddqn,pomcp,DN,DN,633.041288648409,697.6242791641355,0.359525572676409,0.3782399519153261,0.0,0.0
0,18,same_action,hier_ddqn,pomcp,DN,DN,655.3790330990519,884.1707418388003,0.3419473309087325,0.3247319239167651,0.0,0.0
0,19,same_action,hier_ddqn,pomcp,DN,DN,671.9337489456285,989.3339991667624,0.3158624142263572,0.2989828457195079,0.0,0.0
0,20,different_action,hier_ddqn,pomcp,IM,DN,805.6418208329128,1070.0110075512814,0.21654409060185437,0.22972282897967944,12.621389767943102,0.0
0,21,same_action,hier_ddqn,pomcp,DN,DN,989.3339991667624,1103.861207736672,0.7751266634732129,0.2196299789911445,0.0,0.0
0,22,same_action,hier_ddqn,pomcp,DN,DN,1065.8923314943677,1220.6342464714876,0.7238284379852884,0.20041374246252378,0.0,0.0
0,23,same_action,hier_ddqn,pomcp,DN,DN,1220.6342464714876,1261.1926562995232,0.7046122014566677,0.17133289115511952,0.0,0.0
0,24,same_action,hier_ddqn,pomcp,DN,DN,1261.1926562995232,1303.7996599547125,0.6755313501492634,0.10419793391807897,0.0,0.0
0,25,different_action,hier_ddqn,pomcp,DN,CM,1303.7996599547125,1325.955586923998,0.6083963929122229,0.06928730697825618,0.0,20.0
0,26,same_action,hier_ddqn,pomcp,DN,DN,1325.955586923998,1395.7007815267643,0.5734857659724001,0.9458836723043066,0.0,0.0
0,27,same_action,hier_ddqn,pomcp,DN,DN,1369.0592894308743,1425.36638162887,0.5328567907864111,0.8991402117600342,0.0,0.0
0,28,same_action,hier_ddqn,pomcp,DN,DN,1403.9014439594757,1487.9830231713465,0.48611333024213876,0.8249957711505379,0.0,0.0
0,29,different_action,hier_ddqn,pomcp,DN,IM,1487.9830231713465,1530.6163442705447,0.4119688896326424,0.7578193460719093,0.0,10.0
0,30,same_action,hier_ddqn,pomcp,DN,DN,1530.6163442705447,1697.656564534776,0.34479246455401386,0.7730433195695922,0.0,0.0
0,31,same_action,hier_ddqn,pomcp,DN,DN,1564.004759981588,1741.7992268644075,0.2921830419550038,0.7270709080704613,0.0,0.0
0,32,different_action,hier_ddqn,pomcp,IM,DN,1697.656564534776,1770.498507881989,0.2643506198541256,0.6818500561316163,15.346072182127518,0.0
0,33,same_action,hier_ddqn,pomcp,DN,DN,1751.2201173484843,1843.546197193151,0.6259843318837743,0.6055404854137447,0.0,0.0
0,34,same_action,hier_ddqn,pomcp,DN,DN,1799.649762533518,1888.6768230992516,0.5496747611659027,0.592871362162279,0.0,0.0
0,35,same_action,hier_ddqn,pomcp,DN,DN,1852.005902331772,1914.1118622008848,0.5025480256882101,0.5527939073797334,0.0,0.0
0,36,same_action,hier_ddqn,pomcp,DN,DN,1876.9541781531384,1923.1901600872043,0.48276037735411825,0.5384894248276276,0.0,0.0
0,37,same_action,hier_ddqn,pomcp,DN,DN,1944.073615166877,1966.1304805224877,0.44268292257157266,0.5092742245288726,0.0,0.0
0,38,same_action,hier_ddqn,pomcp,DN,DN,1953.1519130531965,2030.9180330257072,0.4283784400194667,0.4598841714498361,0.0,0.0
0,39,same_action,hier_ddqn,pomcp,DN,DN,1984.543968972149,2056.7722491801387,0.39916323972071177,0.419146228224074,0.0,0.0
0,40,same_action,hier_ddqn,pomcp,DN,DN,2022.7012704484491,2268.786902328978,0.3390395843793611,0.4015120351946544,0.0,0.0
0,41,different_action,hier_ddqn,pomcp,IM,DN,2060.965699113923,2364.012859980452,0.298301641153599,0.3775332916823939,10.0,0.0
0,42,different_action,hier_ddqn,pomcp,CM,DN,2364.012859980452,2415.413744764151,0.48903258122530235,0.3633797490711285,20.0,0.0
0,43,same_action,hier_ddqn,pomcp,DN,DN,2415.413744764151,2446.375117886798,0.9858464573887347,0.3145945663013986,0.0,0.0
0,44,same_action,hier_ddqn,pomcp,DN,DN,2469.6785366927106,2476.313754042123,0.9386727796927143,0.2674208886053783,0.0,0.0
0,45,same_action,hier_ddqn,pomcp,DN,DN,2486.8070939430254,2493.442311292438,0.9072564096039292,0.23255588484359277,0.0,0.0
0,46,same_action,hier_ddqn,pomcp,DN,DN,2530.147429401071,2530.147429401071,0.8942737253734709,0.21957320061313454,0.0,0.0
0,47,same_action,hier_ddqn,pomcp,DN,DN,2644.907479410958,2753.709874177172,0.869937104360988,0.15082712141530372,0.0,0.0
0,48,different_action,hier_ddqn,pomcp,DN,CM,2753.7830340939513,2976.503311401421,0.8506523734920514,0.0903598086052671,0.0,20.0
0,49,same_action,hier_ddqn,pomcp,DN,DN,2976.503311401421,3024.8431602540186,0.7901850606820147,0.9909871386088647,0.0,0.0
0,50,same_action,hier_ddqn,pomcp,DN,DN,3024.8431602540186,3038.039598512134,0.7811721992908793,0.9701937891091065,0.0,0.0
0,51,same_action,hier_ddqn,pomcp,DN,DN,3038.039598512134,3066.518846766229,0.7603788497911212,0.9277461483093874,0.0,0.0
0,52,same_action,hier_ddqn,pomcp,DN,DN,3066.518846766229,3092.188141864094,0.7179312089914021,0.8872995812931631,0.0,0.0
0,53,same_action,hier_ddqn,pomcp,DN,DN,3495.0401779580625,3495.0401779580625,0.7089810256228934,0.8783493979246545,0.0,0.0
0,54,same_action,hier_ddqn,pomcp,DN,DN,3525.0622502675583,3525.0622502675583,0.6623547530483355,0.8317231253500966,0.0,0.0
0,55,same_action,hier_ddqn,pomcp,DN,DN,3538.4341483268745,3538.4341483268745,0.6412849352396167,0.8106533075413775,0.0,0.0
0,56,different_action,hier_ddqn,pomcp,DN,IM,3584.3066604722612,3598.0224559868134,0.5881035453923584,0.7434026407369849,0.0,10.0
0,57,same_action,hier_ddqn,pomcp,DN,DN,3660.9203496625228,3666.832591963511,0.5529548193883617,0.7510914233639474,0.0,0.0
0,58,missing_on_pomcp,hier_ddqn,pomcp,DN,,3698.22490018687,,0.5031705010818391,,0.0,
1,1,same_action,hier_ddqn,pomcp,DN,DN,80.45088125739989,80.45088125739989,0.9845714071838244,0.9845714071838244,0.0,0.0
1,2,same_action,hier_ddqn,pomcp,DN,DN,134.6286810110998,134.6286810110998,0.9432154673039818,0.9432154673039818,0.0,0.0
1,3,same_action,hier_ddqn,pomcp,DN,DN,215.03367061958437,230.46157204208274,0.91575940132717,0.9043513562996286,0.0,0.0
1,4,same_action,hier_ddqn,pomcp,DN,DN,306.8533530652631,343.0959053070206,0.8588722377341156,0.8938021528615574,0.0,0.0
1,5,same_action,hier_ddqn,pomcp,DN,DN,343.0959053070206,375.6301869356754,0.8483230342960444,0.8878664863730925,0.0,0.0
1,6,same_action,hier_ddqn,pomcp,DN,DN,375.6301869356754,431.4310567775957,0.8423873678075795,0.8452715964197075,0.0,0.0
1,7,same_action,hier_ddqn,pomcp,DN,DN,431.4310567775957,450.8573016641827,0.7997924778541945,0.830442817486766,0.0,0.0
1,8,same_action,hier_ddqn,pomcp,DN,DN,493.6732262565527,466.04819114881224,0.7597269809713424,0.8188470436623634,0.0,0.0
1,9,same_action,hier_ddqn,pomcp,DN,DN,505.9889751758796,508.19780251836096,0.7503259094217704,0.8029776340321492,0.0,0.0
1,10,same_action,hier_ddqn,pomcp,DN,DN,555.8017215028268,533.9924751371079,0.708680651199342,0.7832875961404152,0.0,0.0
1,11,same_action,hier_ddqn,pomcp,DN,DN,576.7834462285751,560.8616841374337,0.6926645163566899,0.7627773244592455,0.0,0.0
1,12,same_action,hier_ddqn,pomcp,DN,DN,637.2121360403245,576.1393372420943,0.6473939452848131,0.7511153207201904,0.0,0.0
1,13,same_action,hier_ddqn,pomcp,DN,DN,747.3891464711636,633.7271409019779,0.6290806701649113,0.7071563973826348,0.0,0.0
1,14,same_action,hier_ddqn,pomcp,DN,DN,832.6197005037387,693.0332512550216,0.6084874460985147,0.6618858263107579,0.0,0.0
1,15,same_action,hier_ddqn,pomcp,DN,DN,972.9924222295093,719.538196267718,0.5748291715014975,0.6528468569662539,0.0,0.0
1,16,same_action,hier_ddqn,pomcp,DN,DN,1033.3360631831872,747.3891464711636,0.5692715241732431,0.6350562753106708,0.0,0.0
1,17,different_action,hier_ddqn,pomcp,DN,IM,1160.9613393224183,836.0149342083049,0.5567528604851797,0.5743962777040134,0.0,10.0
1,18,same_action,hier_ddqn,pomcp,DN,DN,1185.199236326222,972.9924222295093,0.5382511676172503,0.7665947865863209,0.0,0.0
1,19,same_action,hier_ddqn,pomcp,DN,DN,1208.4387183336935,1097.455810101064,0.5205116022397539,0.7547885217992367,0.0,0.0
1,20,same_action,hier_ddqn,pomcp,DN,DN,1307.9570862113196,1160.9613393224183,0.49165926077537253,0.7422698581111732,0.0,0.0
1,21,same_action,hier_ddqn,pomcp,DN,DN,1361.3560129169516,1185.199236326222,0.45473141957168006,0.7237681652432439,0.0,0.0
1,22,same_action,hier_ddqn,pomcp,DN,DN,1374.2358438573701,1208.4387183336935,0.4448997631283393,0.7060285998657475,0.0,0.0
1,23,same_action,hier_ddqn,pomcp,DN,DN,1483.8994472108889,1307.9570862113196,0.4203839897762281,0.6771762584013661,0.0,0.0
1,24,same_action,hier_ddqn,pomcp,DN,DN,1548.0456741125477,1361.3560129169516,0.3983504613521264,0.6402484171976737,0.0,0.0
1,25,same_action,hier_ddqn,pomcp,DN,DN,1664.7961646185456,1438.4624291781793,0.3568483143265178,0.5938487554327635,0.0,0.0
1,26,different_action,hier_ddqn,pomcp,IM,DN,1713.2488805987173,1483.8994472108889,0.3198625449117268,0.5693329820806523,10.0,0.0
1,27,same_action,hier_ddqn,pomcp,DN,DN,1736.2981177971476,1548.0456741125477,0.7902920906103458,0.5472994536565505,0.0,0.0
1,28,same_action,hier_ddqn,pomcp,DN,DN,1781.1598268730777,1664.7961646185456,0.7560474710081174,0.505797306630942,0.0,0.0
1,29,same_action,hier_ddqn,pomcp,DN,DN,1857.6126143307154,1713.2488805987173,0.7118022594069316,0.468811537216151,0.0,0.0
1,30,same_action,hier_ddqn,pomcp,DN,DN,1918.6385760652438,1726.2981177971476,0.6692579339435166,0.45885056664315826,0.0,0.0
1,31,same_action,hier_ddqn,pomcp,DN,DN,1979.6121038084327,1795.1165520081174,0.6227145608447034,0.4182086499591127,0.0,0.0
1,32,same_action,hier_ddqn,pomcp,DN,DN,2035.1114829594917,1839.5449748864107,0.5803498100062746,0.3944454833380095,0.0,0.0
1,33,same_action,hier_ddqn,pomcp,DN,DN,2348.7948207573622,1880.636401195394,0.5698146286706277,0.3630788615162136,0.0,0.0
1,34,same_action,hier_ddqn,pomcp,DN,DN,2364.740376330515,1938.5992529925913,0.5579778610312749,0.31883364991502794,0.0,0.0
1,35,same_action,hier_ddqn,pomcp,DN,DN,2599.465739106091,1999.5727807357803,0.5426458035099104,0.27229027681621487,0.0,0.0
1,36,same_action,hier_ddqn,pomcp,DN,DN,2646.9028678316913,2348.7948207573622,0.5064352698122162,0.2617550954805678,0.0,0.0
1,37,same_action,hier_ddqn,pomcp,DN,DN,2731.8838299006366,2364.740376330515,0.48979187890308096,0.24991832784121504,0.0,0.0
1,38,same_action,hier_ddqn,pomcp,DN,DN,2947.8502881300087,2599.465739106091,0.4840810382084985,0.23458627031985063,0.0,0.0
1,39,same_action,hier_ddqn,pomcp,DN,DN,3011.989060621032,2646.9028678316913,0.4351215154673686,0.19837573662215638,0.0,0.0
1,40,same_action,hier_ddqn,pomcp,DN,DN,3025.0872689054386,2947.8502881300087,0.4251231634337651,0.1926648959275739,0.0,0.0
1,41,same_action,hier_ddqn,pomcp,DN,DN,3550.5552474251103,3011.989060621032,0.41587067536922295,0.14370537318644389,0.0,0.0
1,42,same_action,hier_ddqn,pomcp,DN,DN,3605.4614256350956,3025.0872689054386,0.37761265759853035,0.1337070211528405,0.0,0.0
1,43,different_action,hier_ddqn,pomcp,IM,DN,3628.692680726605,3550.5552474251103,0.35987937213353427,0.12445453308829833,10.0,0.0
1,44,same_action,hier_ddqn,pomcp,DN,DN,3673.9970301670455,3621.253711078323,0.6134015263840517,0.10672124762330241,0.0,0.0
1,45,different_action,hier_ddqn,pomcp,DN,CM,3733.3774166700887,3656.5580605187633,0.568074257550216,0.07977211791346928,0.0,20.0
1,46,same_action,hier_ddqn,pomcp,DN,DN,3758.4931867113028,3701.6738305599774,0.5489024513753177,0.9808281938251016,0.0,0.0
2,1,same_action,hier_ddqn,pomcp,DN,DN,48.458499578794765,48.458499578794765,0.9409341908458395,0.9409341908458395,0.0,0.0
2,2,same_action,hier_ddqn,pomcp,DN,DN,94.94977654508048,94.94977654508048,0.9075646941943535,0.9075646941943535,0.0,0.0
2,3,same_action,hier_ddqn,pomcp,DN,DN,127.89056933994603,127.89056933994603,0.8412886921909196,0.8412886921909196,0.0,0.0
2,4,different_action,hier_ddqn,pomcp,DN,IM,161.82710024375223,155.18725827411143,0.7927847908529319,0.7973406547082748,0.0,10.0
2,5,same_action,hier_ddqn,pomcp,DN,DN,177.71604005248176,254.47489472301893,0.7599544944324815,0.7916258515121272,0.0,0.0
2,6,same_action,hier_ddqn,pomcp,DN,DN,254.47489472301893,275.98711664538564,0.7505667355476155,0.7397806673412151,0.0,0.0
2,7,same_action,hier_ddqn,pomcp,DN,DN,275.98711664538564,309.2658352334199,0.6987215513767034,0.6900629686198486,0.0,0.0
2,8,same_action,hier_ddqn,pomcp,DN,DN,342.54216011988797,342.54216011988797,0.633194339858155,0.6245357571013002,0.0,0.0
2,9,same_action,hier_ddqn,pomcp,DN,DN,365.975294374608,365.975294374608,0.5860474948358145,0.5773889120789595,0.0,0.0
2,10,same_action,hier_ddqn,pomcp,DN,DN,384.8459751429878,384.8459751429878,0.5480801852995899,0.5394216025427349,0.0,0.0
2,11,same_action,hier_ddqn,pomcp,DN,DN,396.3509918774127,396.3509918774127,0.5313731335370947,0.5227145507802398,0.0,0.0
2,12,same_action,hier_ddqn,pomcp,DN,DN,416.05050982738294,441.1859542115119,0.4917382255599433,0.4988541733488775,0.0,0.0
2,13,same_action,hier_ddqn,pomcp,DN,DN,441.1859542115119,446.34453467716804,0.46560543123035597,0.48847524618079824,0.0,0.0
2,14,same_action,hier_ddqn,pomcp,DN,DN,488.9280470491993,488.9280470491993,0.4087894491365091,0.4262482181732517,0.0,0.0
2,15,same_action,hier_ddqn,pomcp,DN,DN,513.6836624832724,506.69726588636615,0.35898180703383936,0.3904970208482411,0.0,0.0
2,16,same_action,hier_ddqn,pomcp,DN,DN,549.0446220640937,528.6736759705215,0.28877563795645417,0.34628106624642035,0.0,0.0
2,17,different_action,hier_ddqn,pomcp,IM,DN,566.2375862872868,539.4534250421975,0.254183849641058,0.3306116655552641,10.687718568927727,0.0
2,18,same_action,hier_ddqn,pomcp,DN,DN,586.6129683413045,563.3860000190223,0.7815222882377253,0.3111203433959964,0.0,0.0
2,19,same_action,hier_ddqn,pomcp,DN,DN,642.289443319926,577.6957969259591,0.7629152461621302,0.2937360067802345,0.0,0.0
2,20,same_action,hier_ddqn,pomcp,DN,DN,653.5283649283018,634.6564790704073,0.740302833775102,0.2711235943932063,0.0,0.0
2,21,same_action,hier_ddqn,pomcp,DN,DN,724.0828312661785,724.0828312661785,0.7180117406064669,0.24883250122457126,0.0,0.0
2,22,same_action,hier_ddqn,pomcp,DN,DN,755.7690705578216,755.0649848149912,0.6943545107821629,0.23338891792584598,0.0,0.0
2,23,different_action,hier_ddqn,pomcp,DN,CM,788.2762293557374,784.2485755115625,0.6356378998153854,0.17467230695906855,0.0,20.0
2,24,same_action,hier_ddqn,pomcp,DN,DN,846.8167951426243,809.037054537479,0.607073721697718,0.9874053521684586,0.0,0.0
2,25,same_action,hier_ddqn,pomcp,DN,DN,1026.0553411169815,850.2120288471905,0.5472156393165134,0.958841174050791,0.0,0.0
2,26,same_action,hier_ddqn,pomcp,DN,DN,1093.9164561888413,1026.0553411169815,0.5388405824189411,0.8989830916695866,0.0,0.0
2,27,same_action,hier_ddqn,pomcp,DN,DN,1312.9791850203321,1081.2173356214546,0.524197715547486,0.8725178972185462,0.0,0.0
2,28,same_action,hier_ddqn,pomcp,DN,DN,1374.599563483034,1312.9791850203321,0.4620464803628735,0.8578750303470911,0.0,0.0
2,29,different_action,hier_ddqn,pomcp,DN,IM,1420.2387747516898,1374.599563483034,0.42729087335084576,0.7957237951624786,0.0,10.0
2,30,same_action,hier_ddqn,pomcp,DN,DN,1447.572379681305,1420.2387747516898,0.37229638471307935,0.7662580033849653,0.0,0.0
2,31,same_action,hier_ddqn,pomcp,DN,DN,1457.689822247971,1577.498882564377,0.3519403584330285,0.746820943310216,0.0,0.0
2,32,different_action,hier_ddqn,pomcp,IM,DN,1478.3146015159653,1610.426828135445,0.3104438492081801,0.6805707895805455,10.0,0.0
2,33,same_action,hier_ddqn,pomcp,DN,DN,1577.498882564377,1712.6229707767573,0.6212819586975994,0.6504587769081496,0.0,0.0
2,34,same_action,hier_ddqn,pomcp,DN,DN,1610.426828135445,1720.8967066395098,0.5550318049679289,0.6338122396486959,0.0,0.0
2,35,same_action,hier_ddqn,pomcp,DN,DN,1712.6229707767573,1759.9901810578529,0.5249197922955329,0.6152360554605888,0.0,0.0
2,36,same_action,hier_ddqn,pomcp,DN,DN,1744.0063249577283,1883.1931826620178,0.46177731550314965,0.5744146522076977,0.0,0.0
2,37,same_action,hier_ddqn,pomcp,DN,DN,1759.2752619050611,2257.5954134566764,0.43105661907020065,0.5616397957609525,0.0,0.0
2,38,same_action,hier_ddqn,pomcp,DN,DN,1812.8642403703307,2369.0206896327504,0.42210356578815383,0.5530279188470952,0.0,0.0
2,39,same_action,hier_ddqn,pomcp,DN,DN,1822.097057917593,2492.274213843176,0.4035273816000466,0.4993856608069998,0.0,0.0
2,40,same_action,hier_ddqn,pomcp,DN,DN,1864.3960051893655,2505.7925296355747,0.3336751883442091,0.46988697705601645,0.0,0.0
2,41,different_action,hier_ddqn,pomcp,IM,DN,1976.8688065057554,2633.432245417692,0.28595742733688984,0.4042192496970459,10.0,0.0
2,42,same_action,hier_ddqn,pomcp,DN,DN,2257.5954134566764,2656.3780046150305,0.49943211904032825,0.37085138130641926,0.0,0.0
2,43,different_action,hier_ddqn,pomcp,CM,DN,2369.0206896327504,2701.4080920465008,0.49082024212647085,0.31216189759785656,20.0,0.0
2,44,same_action,hier_ddqn,pomcp,DN,DN,2492.274213843176,2716.2543613792323,0.9463577419599046,0.287446619256153,0.0,0.0
2,45,same_action,hier_ddqn,pomcp,DN,DN,2633.432245417692,3019.123174213364,0.8806900146009341,0.2609132845444887,0.0,0.0
2,46,same_action,hier_ddqn,pomcp,DN,DN,2656.7368244241743,3075.3594587007133,0.8471950419919239,0.24530635227539438,0.0,0.0
2,47,same_action,hier_ddqn,pomcp,DN,DN,2701.4080920465008,3080.7889537164833,0.7885055582833611,0.2343823522131099,0.0,0.0
2,48,same_action,hier_ddqn,pomcp,DN,DN,2716.2543613792323,3513.14577936706,0.7637902799416575,0.19795436206943745,0.0,0.0
2,49,same_action,hier_ddqn,pomcp,DN,DN,3019.123174213364,3546.2515373355986,0.7372569452299934,0.17565964620270402,0.0,0.0
2,50,same_action,hier_ddqn,pomcp,DN,DN,3075.3594587007133,3571.6002843410743,0.721650012960899,0.1246586390993991,0.0,0.0
2,51,different_action,hier_ddqn,pomcp,DN,CM,3080.7889537164833,3592.976583359139,0.7107260128986144,0.08165009205653308,0.0,20.0
2,52,same_action,hier_ddqn,pomcp,DN,DN,3513.14577936706,3622.981344177695,0.6742980227549421,0.9880440187926733,0.0,0.0
2,53,same_action,hier_ddqn,pomcp,DN,DN,3546.2515373355986,3628.933998839654,0.6520033068882087,0.9760674353886681,0.0,0.0
2,54,same_action,hier_ddqn,pomcp,DN,DN,3571.6002843410743,3635.237120403624,0.6010022997849036,0.9633857218669869,0.0,0.0
2,55,same_action,hier_ddqn,pomcp,DN,DN,3615.3613292018936,3643.137856856023,0.5744875588327459,0.9542824612034467,0.0,0.0
2,56,same_action,hier_ddqn,pomcp,DN,DN,3627.255190136494,3675.8440381172322,0.5505574258806027,0.8884784913873209,0.0,0.0
2,57,same_action,hier_ddqn,pomcp,DN,DN,3666.629428626983,3711.412172628842,0.5378757123589215,0.8295782071669631,0.0,0.0
2,58,missing_on_pomcp,hier_ddqn,pomcp,DN,,3699.3356098881923,,0.4720717425427959,,0.0,
2,59,missing_on_pomcp,hier_ddqn,pomcp,IM,,3734.9037443998022,,0.413171458322438,,10.0,
3,1,same_action,hier_ddqn,pomcp,DN,DN,40.496753206818724,40.496753206818724,0.975515281423748,0.975515281423748,0.0,0.0
3,2,same_action,hier_ddqn,pomcp,DN,DN,89.30725933330507,89.30725933330507,0.9202711707442194,0.9202711707442194,0.0,0.0
3,3,same_action,hier_ddqn,pomcp,DN,DN,107.2639796036568,107.2639796036568,0.8823102720813464,0.8823102720813464,0.0,0.0
3,4,same_action,hier_ddqn,pomcp,DN,DN,148.9480775541387,182.41367122301196,0.8005868772860262,0.8356862666766139,0.0,0.0
3,5,different_action,hier_ddqn,pomcp,DN,IM,188.38935281811897,213.83539217345876,0.7573312741551148,0.7518528702036079,0.0,10.0
3,6,same_action,hier_ddqn,pomcp,DN,DN,203.52125330106048,275.76628459612033,0.7189230327909406,0.724915100539611,0.0,0.0
3,7,same_action,hier_ddqn,pomcp,DN,DN,298.4742364819468,303.0380311467118,0.6711915879587911,0.6672620329649117,0.0,0.0
3,8,same_action,hier_ddqn,pomcp,DN,DN,325.5379753218415,325.6165325294755,0.6283445059085402,0.6195305881327623,0.0,0.0
3,9,same_action,hier_ddqn,pomcp,DN,DN,336.29190051011767,351.4440841744735,0.605610473292668,0.59679655551689,0.0,0.0
3,10,same_action,hier_ddqn,pomcp,DN,DN,363.56364706070906,358.34022973551487,0.5479574057179688,0.5822179532517903,0.0,0.0
3,11,same_action,hier_ddqn,pomcp,DN,DN,370.4597926217504,366.7010515448799,0.5333788034528688,0.5645429934225349,0.0,0.0
3,12,same_action,hier_ddqn,pomcp,DN,DN,378.82061443111536,403.21133914628155,0.5157038436236135,0.5500400695285966,0.0,0.0
3,13,same_action,hier_ddqn,pomcp,DN,DN,428.9478712653198,410.1174267336311,0.4590060111634844,0.535440449602838,0.0,0.0
3,14,same_action,hier_ddqn,pomcp,DN,DN,435.85395885266934,438.9519866041678,0.4444063912377257,0.4744835605521543,0.0,0.0
3,15,same_action,hier_ddqn,pomcp,DN,DN,478.4882293117832,478.4882293117832,0.37381113841079294,0.40388830772522155,0.0,0.0
3,16,same_action,hier_ddqn,pomcp,DN,DN,514.1504401793803,521.6652886012216,0.35436775207194793,0.36918342726945,0.0,0.0
3,17,same_action,hier_ddqn,pomcp,DN,DN,530.5669596062447,584.3879986317645,0.316357644906103,0.31792232771122514,0.0,0.0
3,18,different_action,hier_ddqn,pomcp,IM,DN,570.9026643790346,655.8030760472634,0.265096545347878,0.2934419073092654,10.0,0.0
3,19,same_action,hier_ddqn,pomcp,DN,DN,656.5584252123323,713.0036131624521,0.7601860066613543,0.22120620888182982,0.0,0.0
3,20,same_action,hier_ddqn,pomcp,DN,DN,713.0036131624521,734.9178755857287,0.6879503082339185,0.19354944282306907,0.0,0.0
3,21,same_action,hier_ddqn,pomcp,DN,DN,734.9178755857287,750.7148800874359,0.6577911577868495,0.16015423044364763,0.0,0.0
3,22,different_action,hier_ddqn,pomcp,DN,CM,750.7148800874359,1343.274229523203,0.6177732633963201,0.08549301847733172,0.0,20.0
3,23,same_action,hier_ddqn,pomcp,DN,DN,852.549914772998,1428.8687419084931,0.6056533233385535,0.981756061030575,0.0,0.0
3,24,same_action,hier_ddqn,pomcp,DN,DN,1343.274229523203,1560.1290476787271,0.5309921113722375,0.9562115455207619,0.0,0.0
3,25,same_action,hier_ddqn,pomcp,DN,DN,1560.1290476787271,1727.9452379130416,0.5054475958624244,0.9413107965327404,0.0,0.0
3,26,same_action,hier_ddqn,pomcp,DN,DN,1776.4611239654096,1750.7573635105905,0.45748059491744103,0.8930854650103085,0.0,0.0
3,27,same_action,hier_ddqn,pomcp,DN,DN,1788.2083581466095,1776.4611239654096,0.44257984592941946,0.8451184640653252,0.0,0.0
3,28,same_action,hier_ddqn,pomcp,DN,DN,1811.0204837441584,2066.878930107659,0.39435451440698754,0.8237527199466155,0.0,0.0
3,29,same_action,hier_ddqn,pomcp,IM,IM,1960.6982568029953,2325.1201526907844,0.3449706594751863,0.7795998893548427,10.0,10.0
3,30,same_action,hier_ddqn,pomcp,DN,DN,2071.0723800414435,2502.7703464786755,0.6200055524251818,0.7716979070331832,0.0,0.0
3,31,same_action,hier_ddqn,pomcp,DN,DN,2325.1201526907844,2521.9080069417964,0.5758527218334091,0.7282340450385977,0.0,0.0
3,32,same_action,hier_ddqn,pomcp,DN,DN,2439.7399005373854,2565.211610407411,0.5244266974669376,0.6541076009085947,0.0,0.0
3,33,same_action,hier_ddqn,pomcp,DN,DN,2502.7703464786755,2644.548659601814,0.4986194251521333,0.6224771638211515,0.0,0.0
3,34,same_action,hier_ddqn,pomcp,DN,DN,2521.9080069417964,2654.158408532533,0.455155563157548,0.6071387923845945,0.0,0.0
3,35,same_action,hier_ddqn,pomcp,DN,DN,2565.211610407411,2672.237984260258,0.3810291190275449,0.5650423025716401,0.0,0.0
3,36,same_action,hier_ddqn,pomcp,DN,DN,2654.158408532533,2703.970263996905,0.3656907475909879,0.5249427990285505,0.0,0.0
3,37,same_action,hier_ddqn,pomcp,DN,DN,2672.237984260258,2732.3451607598563,0.32359425777803363,0.4649576478221616,0.0,0.0
3,38,different_action,hier_ddqn,pomcp,IM,DN,2703.970263996905,3045.570543136471,0.2834947542349441,0.3939656606705647,10.0,0.0
3,39,different_action,hier_ddqn,pomcp,CM,DN,2742.3451607598563,3535.170518662378,0.4521636570476498,0.3820306145924488,20.0,0.0
3,40,same_action,hier_ddqn,pomcp,DN,DN,3045.570543136471,3575.58048919023,0.9290080128484031,0.3291267071774565,0.0,0.0
3,41,same_action,hier_ddqn,pomcp,DN,DN,3087.0268754710714,3644.062984614546,0.8856535924576594,0.2809074049749295,0.0,0.0
3,42,same_action,hier_ddqn,pomcp,DN,DN,3535.170518662378,3673.2686959795915,0.8737185463795435,0.2455807568025408,0.0,0.0
3,43,missing_on_pomcp,hier_ddqn,pomcp,DN,,3591.534179822928,,0.8262596905054959,,0.0,
3,44,missing_on_pomcp,hier_ddqn,pomcp,DN,,3660.3263070630132,,0.7543112346076176,,0.0,
3,45,missing_on_pomcp,hier_ddqn,pomcp,DN,,3683.1355805992366,,0.7060919324050905,,0.0,
4,1,same_action,hier_ddqn,pomcp,DN,DN,63.17502650956393,63.17502650956393,0.9515652611740949,0.9515652611740949,0.0,0.0
4,2,same_action,hier_ddqn,pomcp,DN,DN,78.85519664689993,78.85519664689993,0.9180766028794755,0.9180766028794755,0.0,0.0
4,3,same_action,hier_ddqn,pomcp,DN,DN,121.09770343725206,121.09770343725206,0.8873188850976079,0.8873188850976079,0.0,0.0
4,4,same_action,hier_ddqn,pomcp,DN,DN,216.05361004156887,136.86331460855064,0.8217549085782344,0.8629050063218908,0.0,0.0
4,5,different_action,hier_ddqn,pomcp,DN,IM,284.55492385808935,205.9000813779764,0.7837567860692083,0.7938503485063694,0.0,10.0
4,6,same_action,hier_ddqn,pomcp,DN,DN,313.2959630528879,284.55492385808935,0.7223735974815366,0.7592933429621876,0.0,0.0
4,7,same_action,hier_ddqn,pomcp,DN,DN,347.2217088235663,313.2959630528879,0.6499172594728598,0.697910154374516,0.0,0.0
4,8,same_action,hier_ddqn,pomcp,DN,DN,379.4008074314578,347.2217088235663,0.5811912936147096,0.6254538163658391,0.0,0.0
4,9,same_action,hier_ddqn,pomcp,DN,DN,402.1279815028694,379.4008074314578,0.5326521157988018,0.5567278505076888,0.0,0.0
4,10,same_action,hier_ddqn,pomcp,DN,DN,437.7697834214241,402.1279815028694,0.4662266814315568,0.5081886726917811,0.0,0.0
4,11,different_action,hier_ddqn,pomcp,DN,IM,447.9094118150887,437.4454589428196,0.44457114150209376,0.43275996729794,0.0,10.0
4,12,different_action,hier_ddqn,pomcp,DN,CM,493.6352975344417,473.048551285815,0.4068209671299512,0.5859404633607854,0.0,20.0
4,13,same_action,hier_ddqn,pomcp,DN,DN,504.9530960201788,510.72406254881474,0.3826491703435291,0.9622498256278573,0.0,0.0
4,14,same_action,hier_ddqn,pomcp,DN,DN,518.1800156825782,531.6653499353081,0.35170960312901073,0.917524825108517,0.0,0.0
4,15,same_action,hier_ddqn,pomcp,DN,DN,540.3207854343331,553.806119687063,0.2999193260728239,0.870238050405042,0.0,0.0
4,16,different_action,hier_ddqn,pomcp,IM,DN,561.2620728208263,576.6953075124482,0.2551943255534834,0.841812921922279,10.837651495459731,0.0
4,17,different_action,hier_ddqn,pomcp,DN,IM,576.4100463937326,602.0395324787982,0.7913027496776134,0.7898212002506857,0.0,10.0
4,18,same_action,hier_ddqn,pomcp,DN,DN,600.7537819465716,617.1999783462157,0.7393110280060201,0.7894871121646837,0.0,0.0
4,19,same_action,hier_ddqn,pomcp,DN,DN,605.9142278139892,650.1998845959924,0.7282896929829811,0.719008120261283,0.0,0.0
4,20,same_action,hier_ddqn,pomcp,DN,DN,638.9141340637659,731.4387089213147,0.6578107010795805,0.6935918015417462,0.0,0.0
4,21,same_action,hier_ddqn,pomcp,DN,DN,684.2434946777835,752.0244612139843,0.592211381962113,0.6799586783086464,0.0,0.0
4,22,same_action,hier_ddqn,pomcp,DN,DN,752.007589287932,928.898846639874,0.5611628569450943,0.6632593047074397,0.0,0.0
4,23,same_action,hier_ddqn,pomcp,DN,DN,784.8361893252763,1049.2398378731777,0.49107251695380555,0.6342883951557681,0.0,0.0
4,24,same_action,hier_ddqn,pomcp,DN,DN,928.898846639874,1434.6051137095144,0.47437314335259884,0.62203703605617,0.0,0.0
4,25,same_action,hier_ddqn,pomcp,DN,DN,1049.2398378731777,1519.1809428479035,0.4456520828014637,0.5466851781896696,0.0,0.0
4,26,same_action,hier_ddqn,pomcp,DN,DN,1373.523368050808,1747.7868996196314,0.4361180023550206,0.48068211397233046,0.0,0.0
4,27,different_action,hier_ddqn,pomcp,IM,DN,1519.1809428479035,1794.2684365471393,0.36076614448851996,0.40747290929137886,10.0,0.0
4,28,same_action,hier_ddqn,pomcp,DN,DN,1747.7868996196314,1894.929995443117,0.5746187707899554,0.39411780216901127,0.0,0.0
4,29,same_action,hier_ddqn,pomcp,DN,DN,1829.6777579392035,1933.399876720842,0.5387095848778806,0.37231257246588034,0.0,0.0
4,30,same_action,hier_ddqn,pomcp,DN,DN,1966.002627811819,1942.284768353334,0.5273808641671649,0.3617478359499495,0.0,0.0
4,31,same_action,hier_ddqn,pomcp,DN,DN,2038.5836222358414,1947.5891393621575,0.4934603998313561,0.35041911523923397,0.0,0.0
4,32,same_action,hier_ddqn,pomcp,DN,DN,2373.1316821755604,1987.0392870867422,0.47398502948354054,0.3164986509034252,0.0,0.0
4,33,same_action,hier_ddqn,pomcp,DN,DN,2406.43124046847,2373.1316821755604,0.43893098864492713,0.29702328055560967,0.0,0.0
4,34,different_action,hier_ddqn,pomcp,IM,DN,2685.0019151572747,2406.43124046847,0.3861973660884374,0.2619692397169962,10.0,0.0
4,35,different_action,hier_ddqn,pomcp,CM,DN,2703.910596352763,2685.0019151572747,0.49579821273099633,0.20923561716050645,20.0,0.0
4,36,same_action,hier_ddqn,pomcp,DN,DN,2741.5440362240192,2703.910596352763,0.962339678891549,0.19202791469794453,0.0,0.0
4,37,different_action,hier_ddqn,pomcp,DN,CM,2776.4832977932224,2721.5440362240192,0.9138579744480152,0.15436759358949376,0.0,20.0
4,38,same_action,hier_ddqn,pomcp,DN,DN,2787.6354957213625,2753.210379329951,0.8900398562529729,0.9761818818049576,0.0,0.0
4,39,same_action,hier_ddqn,pomcp,DN,DN,2809.9676521595866,2775.542535768175,0.8423443306692988,0.9284863562212835,0.0,0.0
4,40,same_action,hier_ddqn,pomcp,DN,DN,3005.935458381494,3005.935458381494,0.8227133388531008,0.9088553644050856,0.0,0.0
4,41,same_action,hier_ddqn,pomcp,DN,DN,3059.892338375607,3059.892338375607,0.7483790001183691,0.8345210256703538,0.0,0.0
4,42,different_action,hier_ddqn,pomcp,DN,IM,3100.887013556417,3100.887013556417,0.7101689434434815,0.796310968995466,0.0,10.0
4,43,same_action,hier_ddqn,pomcp,DN,DN,3546.919152736632,3546.919152736632,0.6380380322145838,0.7283775359588248,0.0,0.0
4,44,same_action,hier_ddqn,pomcp,DN,DN,3608.1395418432176,3599.413370561186,0.5871373587258616,0.6774768624701027,0.0,0.0
4,45,same_action,hier_ddqn,pomcp,DN,DN,3626.2923842121427,3610.0784500933023,0.567374448852139,0.6606139785614942,0.0,0.0
4,46,same_action,hier_ddqn,pomcp,DN,DN,3638.6133138206756,3638.6133138206756,0.5577430317307874,0.6509825614401425,0.0,0.0
4,47,same_action,hier_ddqn,pomcp,DN,DN,3705.6288636071895,3682.1372918362295,0.5443023214890645,0.6375418511984197,0.0,0.0
5,1,same_action,hier_ddqn,pomcp,DN,DN,19.101348848618485,19.101348848618485,0.9857780259281343,0.9857780259281343,0.0,0.0
5,2,same_action,hier_ddqn,pomcp,DN,DN,60.23885815975638,60.23885815975638,0.9687354682612024,0.9687354682612024,0.0,0.0
5,3,same_action,hier_ddqn,pomcp,DN,DN,186.7957947202977,141.36701998305915,0.9057202618651752,0.9257557048572775,0.0,0.0
5,4,same_action,hier_ddqn,pomcp,DN,DN,223.24533891062958,179.21473714921814,0.8931641385021366,0.8710016922410211,0.0,0.0
5,5,same_action,hier_ddqn,pomcp,DN,DN,390.10163370376057,222.35735109127114,0.843667700205579,0.8340135134730519,0.0,0.0
5,6,same_action,hier_ddqn,pomcp,DN,DN,426.1815968840503,237.65330091114345,0.7914710842116814,0.8203888802949887,0.0,0.0
5,7,same_action,hier_ddqn,pomcp,DN,DN,463.4749095444364,390.10163370376057,0.7375191244952161,0.7708924419984311,0.0,0.0
5,8,different_action,hier_ddqn,pomcp,DN,IM,526.3881359436527,426.1815968840503,0.688331210231119,0.7186958260045334,0.0,10.0
5,9,same_action,hier_ddqn,pomcp,DN,DN,546.6545233196673,471.9934352944964,0.6791682384577056,0.7435419946297778,0.0,0.0
5,10,same_action,hier_ddqn,pomcp,DN,DN,574.0209389986753,560.1398575723972,0.6719845673307452,0.7343790228563642,0.0,0.0
5,11,same_action,hier_ddqn,pomcp,DN,DN,746.060781020219,623.4175574620315,0.6302712827418671,0.6667862892717143,0.0,0.0
5,12,same_action,hier_ddqn,pomcp,DN,DN,759.0926386591661,711.6043117481529,0.6113280415685096,0.6399196733520791,0.0,0.0
5,13,same_action,hier_ddqn,pomcp,DN,DN,770.2251105877098,746.060781020219,0.5952227767318072,0.6023815235044452,0.0,0.0
5,14,same_action,hier_ddqn,pomcp,DN,DN,1060.7790888461968,757.1932529487626,0.5785290276587779,0.5851429268710907,0.0,0.0
5,15,same_action,hier_ddqn,pomcp,DN,DN,1089.7538482226298,1060.7790888461968,0.5672959246826583,0.5677452284626271,0.0,0.0
5,16,same_action,hier_ddqn,pomcp,DN,DN,1343.7088806072745,1343.7088806072745,0.5416123659610932,0.5420616697410622,0.0,0.0
5,17,same_action,hier_ddqn,pomcp,DN,DN,1753.7711970006624,1377.677168559209,0.5329549271818429,0.4929199986884194,0.0,0.0
5,18,same_action,hier_ddqn,pomcp,DN,DN,2262.658509089811,1446.8051700464896,0.5256301841608334,0.4752702673806864,0.0,0.0
5,19,same_action,hier_ddqn,pomcp,DN,DN,2334.9933463759326,1552.7633017705175,0.5113467078490123,0.44323042769784615,0.0,0.0
5,20,different_action,hier_ddqn,pomcp,IM,DN,2507.919404273961,1753.7711970006624,0.47087230436335814,0.4345729889185959,10.0,0.0
5,21,same_action,hier_ddqn,pomcp,DN,DN,2695.853549100769,1971.15693529935,0.761368787037868,0.42730125395346985,0.0,0.0
5,22,same_action,hier_ddqn,pomcp,DN,DN,2710.080376696151,2334.9933463759326,0.7488226569493858,0.4130177776416486,0.0,0.0
5,23,same_action,hier_ddqn,pomcp,DN,DN,2774.8240029006924,2695.853549100769,0.6867014261267366,0.37410168419035605,0.0,0.0
5,24,same_action,hier_ddqn,pomcp,DN,DN,3046.3146089234206,2710.080376696151,0.6747300297418478,0.3615555541018739,0.0,0.0
5,25,same_action,hier_ddqn,pomcp,DN,DN,3082.9961746834915,2734.0395771360995,0.6308251317304688,0.34347834744385286,0.0,0.0
5,26,same_action,hier_ddqn,pomcp,DN,DN,3569.0846217434537,2742.058181401811,0.5982842856698394,0.33187789193415806,0.0,0.0
5,27,missing_on_hier_ddqn,hier_ddqn,pomcp,,DN,,2796.650047177228,,0.2697566611115087,,0.0
5,28,missing_on_hier_ddqn,hier_ddqn,pomcp,,DN,,3046.3146089234206,,0.25778526472662006,,0.0
5,29,missing_on_hier_ddqn,hier_ddqn,pomcp,,DN,,3082.9961746834915,,0.21388036671524094,,0.0
5,30,missing_on_hier_ddqn,hier_ddqn,pomcp,,DN,,3569.0846217434537,,0.18133952065461142,,0.0
5,31,missing_on_hier_ddqn,hier_ddqn,pomcp,,CM,,3654.668008501108,,0.11683213615647045,,20.0
