original_path,renamed_path
outputs/paired_20260421_182654/seed_0042/train_region_off_unrestricted/sched_ppo/maint_flat_ddqn/decision_log_20260421_182654_maint_flat_ddqn_region_off_unrestricted.csv,02_paper_results/maintenance_strategy_comparison_20260421/ppo_scheduler/flat_ddqn_maintenance/decision_log.csv
outputs/paired_20260421_182654/seed_0042/train_region_off_unrestricted/sched_ppo/maint_flat_ddqn/gantt_20260421_182654_maint_flat_ddqn_region_off_unrestricted.png,02_paper_results/maintenance_strategy_comparison_20260421/ppo_scheduler/flat_ddqn_maintenance/gantt_schedule.png
outputs/paired_20260421_182654/seed_0042/train_region_off_unrestricted/sched_ppo/maint_flat_ddqn/maint_action_rates_20260421_182654_maint_flat_ddqn.png,02_paper_results/maintenance_strategy_comparison_20260421/ppo_scheduler/flat_ddqn_maintenance/maintenance_action_rates.png
outputs/paired_20260421_182654/seed_0042/train_region_off_unrestricted/sched_ppo/maint_flat_ddqn/maint_vs_slack_20260421_182654_maint_flat_ddqn_region_off_unrestricted.png,02_paper_results/maintenance_strategy_comparison_20260421/ppo_scheduler/flat_ddqn_maintenance/maintenance_action_vs_slack.png
outputs/paired_20260421_182654/seed_0042/train_region_off_unrestricted/sched_ppo/maint_flat_ddqn/rul_curves_20260421_182654_maint_flat_ddqn_region_off_unrestricted.png,02_paper_results/maintenance_strategy_comparison_20260421/ppo_scheduler/flat_ddqn_maintenance/rul_health_curves.png
outputs/paired_20260421_182654/seed_0042/train_region_off_unrestricted/sched_ppo/maint_flat_ddqn/rule_vs_features_20260421_182654_maint_flat_ddqn_region_off_unrestricted.png,02_paper_results/maintenance_strategy_comparison_20260421/ppo_scheduler/flat_ddqn_maintenance/dispatch_rule_feature_analysis.png
outputs/paired_20260421_182654/seed_0042/train_region_off_unrestricted/sched_ppo/maint_flat_ddqn/summary_20260421_182654_maint_flat_ddqn_region_off_unrestricted.csv,02_paper_results/maintenance_strategy_comparison_20260421/ppo_scheduler/flat_ddqn_maintenance/summary_metrics.csv
outputs/paired_20260421_182654/seed_0042/train_region_off_unrestricted/sched_ppo/maint_flat_ddqn/summary_20260421_182654_maint_flat_ddqn_region_off_unrestricted.json,02_paper_results/maintenance_strategy_comparison_20260421/ppo_scheduler/flat_ddqn_maintenance/summary_metrics.json
outputs/paired_20260421_182654/seed_0042/train_region_off_unrestricted/sched_ppo/maint_flat_ddqn/training_curves_20260421_182654_maint_flat_ddqn.png,02_paper_results/maintenance_strategy_comparison_20260421/ppo_scheduler/flat_ddqn_maintenance/training_curves.png
outputs/paired_20260421_182654/seed_0042/train_region_off_unrestricted/sched_ppo/maint_hier_ddqn/decision_log_20260421_182654_maint_hier_ddqn_region_off_unrestricted.csv,02_paper_results/maintenance_strategy_comparison_20260421/ppo_scheduler/hierarchical_ddqn_maintenance/decision_log.csv
outputs/paired_20260421_182654/seed_0042/train_region_off_unrestricted/sched_ppo/maint_hier_ddqn/gantt_20260421_182654_maint_hier_ddqn_region_off_unrestricted.png,02_paper_results/maintenance_strategy_comparison_20260421/ppo_scheduler/hierarchical_ddqn_maintenance/gantt_schedule.png
outputs/paired_20260421_182654/seed_0042/train_region_off_unrestricted/sched_ppo/maint_hier_ddqn/maint_action_rates_20260421_182654_maint_hier_ddqn.png,02_paper_results/maintenance_strategy_comparison_20260421/ppo_scheduler/hierarchical_ddqn_maintenance/maintenance_action_rates.png
outputs/paired_20260421_182654/seed_0042/train_region_off_unrestricted/sched_ppo/maint_hier_ddqn/maint_vs_slack_20260421_182654_maint_hier_ddqn_region_off_unrestricted.png,02_paper_results/maintenance_strategy_comparison_20260421/ppo_scheduler/hierarchical_ddqn_maintenance/maintenance_action_vs_slack.png
outputs/paired_20260421_182654/seed_0042/train_region_off_unrestricted/sched_ppo/maint_hier_ddqn/rul_curves_20260421_182654_maint_hier_ddqn_region_off_unrestricted.png,02_paper_results/maintenance_strategy_comparison_20260421/ppo_scheduler/hierarchical_ddqn_maintenance/rul_health_curves.png
outputs/paired_20260421_182654/seed_0042/train_region_off_unrestricted/sched_ppo/maint_hier_ddqn/rule_vs_features_20260421_182654_maint_hier_ddqn_region_off_unrestricted.png,02_paper_results/maintenance_strategy_comparison_20260421/ppo_scheduler/hierarchical_ddqn_maintenance/dispatch_rule_feature_analysis.png
outputs/paired_20260421_182654/seed_0042/train_region_off_unrestricted/sched_ppo/maint_hier_ddqn/summary_20260421_182654_maint_hier_ddqn_region_off_unrestricted.csv,02_paper_results/maintenance_strategy_comparison_20260421/ppo_scheduler/hierarchical_ddqn_maintenance/summary_metrics.csv
outputs/paired_20260421_182654/seed_0042/train_region_off_unrestricted/sched_ppo/maint_hier_ddqn/summary_20260421_182654_maint_hier_ddqn_region_off_unrestricted.json,02_paper_results/maintenance_strategy_comparison_20260421/ppo_scheduler/hierarchical_ddqn_maintenance/summary_metrics.json
outputs/paired_20260421_182654/seed_0042/train_region_off_unrestricted/sched_ppo/maint_hier_ddqn/training_curves_20260421_182654_maint_hier_ddqn.png,02_paper_results/maintenance_strategy_comparison_20260421/ppo_scheduler/hierarchical_ddqn_maintenance/training_curves.png
outputs/paired_20260421_182654/seed_0042/train_region_off_unrestricted/sched_ppo/maint_pomcp/decision_log_20260421_182654_maint_pomcp_region_off_unrestricted.csv,02_paper_results/maintenance_strategy_comparison_20260421/ppo_scheduler/pomcp_maintenance/decision_log.csv
outputs/paired_20260421_182654/seed_0042/train_region_off_unrestricted/sched_ppo/maint_pomcp/gantt_20260421_182654_maint_pomcp_region_off_unrestricted.png,02_paper_results/maintenance_strategy_comparison_20260421/ppo_scheduler/pomcp_maintenance/gantt_schedule.png
outputs/paired_20260421_182654/seed_0042/train_region_off_unrestricted/sched_ppo/maint_pomcp/maint_action_rates_20260421_182654_maint_pomcp.png,02_paper_results/maintenance_strategy_comparison_20260421/ppo_scheduler/pomcp_maintenance/maintenance_action_rates.png
outputs/paired_20260421_182654/seed_0042/train_region_off_unrestricted/sched_ppo/maint_pomcp/maint_vs_slack_20260421_182654_maint_pomcp_region_off_unrestricted.png,02_paper_results/maintenance_strategy_comparison_20260421/ppo_scheduler/pomcp_maintenance/maintenance_action_vs_slack.png
outputs/paired_20260421_182654/seed_0042/train_region_off_unrestricted/sched_ppo/maint_pomcp/rul_curves_20260421_182654_maint_pomcp_region_off_unrestricted.png,02_paper_results/maintenance_strategy_comparison_20260421/ppo_scheduler/pomcp_maintenance/rul_health_curves.png
outputs/paired_20260421_182654/seed_0042/train_region_off_unrestricted/sched_ppo/maint_pomcp/rule_vs_features_20260421_182654_maint_pomcp_region_off_unrestricted.png,02_paper_results/maintenance_strategy_comparison_20260421/ppo_scheduler/pomcp_maintenance/dispatch_rule_feature_analysis.png
outputs/paired_20260421_182654/seed_0042/train_region_off_unrestricted/sched_ppo/maint_pomcp/summary_20260421_182654_maint_pomcp_region_off_unrestricted.csv,02_paper_results/maintenance_strategy_comparison_20260421/ppo_scheduler/pomcp_maintenance/summary_metrics.csv
outputs/paired_20260421_182654/seed_0042/train_region_off_unrestricted/sched_ppo/maint_pomcp/summary_20260421_182654_maint_pomcp_region_off_unrestricted.json,02_paper_results/maintenance_strategy_comparison_20260421/ppo_scheduler/pomcp_maintenance/summary_metrics.json
outputs/paired_20260421_182654/seed_0042/train_region_off_unrestricted/sched_ppo/maint_pomcp/training_curves_20260421_182654_maint_pomcp.png,02_paper_results/maintenance_strategy_comparison_20260421/ppo_scheduler/pomcp_maintenance/training_curves.png
outputs/paired_20260421_182654/seed_0042/train_region_off_unrestricted/sched_ppo/compare/compare_full_system_maint_flat_ddqn_vs_maint_hier_ddqn_region_off_unrestricted.csv,02_paper_results/maintenance_strategy_comparison_20260421/ppo_scheduler/maintenance_strategy_comparisons/flat_ddqn_vs_hierarchical_ddqn_decision_details.csv
outputs/paired_20260421_182654/seed_0042/train_region_off_unrestricted/sched_ppo/compare/compare_full_system_maint_flat_ddqn_vs_maint_hier_ddqn_region_off_unrestricted.json,02_paper_results/maintenance_strategy_comparison_20260421/ppo_scheduler/maintenance_strategy_comparisons/flat_ddqn_vs_hierarchical_ddqn_summary.json
outputs/paired_20260421_182654/seed_0042/train_region_off_unrestricted/sched_ppo/compare/compare_full_system_maint_flat_ddqn_vs_maint_hier_ddqn_region_off_unrestricted.png,02_paper_results/maintenance_strategy_comparison_20260421/ppo_scheduler/maintenance_strategy_comparisons/flat_ddqn_vs_hierarchical_ddqn_comparison_chart.png
outputs/paired_20260421_182654/seed_0042/train_region_off_unrestricted/sched_ppo/compare/compare_full_system_maint_flat_ddqn_vs_maint_hier_ddqn_region_off_unrestricted_summary.csv,02_paper_results/maintenance_strategy_comparison_20260421/ppo_scheduler/maintenance_strategy_comparisons/flat_ddqn_vs_hierarchical_ddqn_summary.csv
outputs/paired_20260421_182654/seed_0042/train_region_off_unrestricted/sched_ppo/compare/compare_full_system_maint_flat_ddqn_vs_maint_pomcp_region_off_unrestricted.csv,02_paper_results/maintenance_strategy_comparison_20260421/ppo_scheduler/maintenance_strategy_comparisons/flat_ddqn_vs_pomcp_decision_details.csv
outputs/paired_20260421_182654/seed_0042/train_region_off_unrestricted/sched_ppo/compare/compare_full_system_maint_flat_ddqn_vs_maint_pomcp_region_off_unrestricted.json,02_paper_results/maintenance_strategy_comparison_20260421/ppo_scheduler/maintenance_strategy_comparisons/flat_ddqn_vs_pomcp_summary.json
outputs/paired_20260421_182654/seed_0042/train_region_off_unrestricted/sched_ppo/compare/compare_full_system_maint_flat_ddqn_vs_maint_pomcp_region_off_unrestricted.png,02_paper_results/maintenance_strategy_comparison_20260421/ppo_scheduler/maintenance_strategy_comparisons/flat_ddqn_vs_pomcp_comparison_chart.png
outputs/paired_20260421_182654/seed_0042/train_region_off_unrestricted/sched_ppo/compare/compare_full_system_maint_flat_ddqn_vs_maint_pomcp_region_off_unrestricted_summary.csv,02_paper_results/maintenance_strategy_comparison_20260421/ppo_scheduler/maintenance_strategy_comparisons/flat_ddqn_vs_pomcp_summary.csv
outputs/paired_20260421_182654/seed_0042/train_region_off_unrestricted/sched_ppo/compare/compare_full_system_maint_hier_ddqn_vs_maint_pomcp_region_off_unrestricted.csv,02_paper_results/maintenance_strategy_comparison_20260421/ppo_scheduler/maintenance_strategy_comparisons/hierarchical_ddqn_vs_pomcp_decision_details.csv
outputs/paired_20260421_182654/seed_0042/train_region_off_unrestricted/sched_ppo/compare/compare_full_system_maint_hier_ddqn_vs_maint_pomcp_region_off_unrestricted.json,02_paper_results/maintenance_strategy_comparison_20260421/ppo_scheduler/maintenance_strategy_comparisons/hierarchical_ddqn_vs_pomcp_summary.json
outputs/paired_20260421_182654/seed_0042/train_region_off_unrestricted/sched_ppo/compare/compare_full_system_maint_hier_ddqn_vs_maint_pomcp_region_off_unrestricted.png,02_paper_results/maintenance_strategy_comparison_20260421/ppo_scheduler/maintenance_strategy_comparisons/hierarchical_ddqn_vs_pomcp_comparison_chart.png
outputs/paired_20260421_182654/seed_0042/train_region_off_unrestricted/sched_ppo/compare/compare_full_system_maint_hier_ddqn_vs_maint_pomcp_region_off_unrestricted_summary.csv,02_paper_results/maintenance_strategy_comparison_20260421/ppo_scheduler/maintenance_strategy_comparisons/hierarchical_ddqn_vs_pomcp_summary.csv
outputs/paired_20260421_182654/seed_0042/train_region_off_unrestricted/sched_thdqn/maint_flat_ddqn/decision_log_20260421_182654_maint_flat_ddqn_region_off_unrestricted.csv,02_paper_results/maintenance_strategy_comparison_20260421/thdqn_scheduler/flat_ddqn_maintenance/decision_log.csv
outputs/paired_20260421_182654/seed_0042/train_region_off_unrestricted/sched_thdqn/maint_flat_ddqn/gantt_20260421_182654_maint_flat_ddqn_region_off_unrestricted.png,02_paper_results/maintenance_strategy_comparison_20260421/thdqn_scheduler/flat_ddqn_maintenance/gantt_schedule.png
outputs/paired_20260421_182654/seed_0042/train_region_off_unrestricted/sched_thdqn/maint_flat_ddqn/goal_vs_features_20260421_182654_maint_flat_ddqn_region_off_unrestricted.png,02_paper_results/maintenance_strategy_comparison_20260421/thdqn_scheduler/flat_ddqn_maintenance/scheduler_goal_feature_analysis.png
outputs/paired_20260421_182654/seed_0042/train_region_off_unrestricted/sched_thdqn/maint_flat_ddqn/maint_action_rates_20260421_182654_maint_flat_ddqn.png,02_paper_results/maintenance_strategy_comparison_20260421/thdqn_scheduler/flat_ddqn_maintenance/maintenance_action_rates.png
outputs/paired_20260421_182654/seed_0042/train_region_off_unrestricted/sched_thdqn/maint_flat_ddqn/maint_vs_slack_20260421_182654_maint_flat_ddqn_region_off_unrestricted.png,02_paper_results/maintenance_strategy_comparison_20260421/thdqn_scheduler/flat_ddqn_maintenance/maintenance_action_vs_slack.png
outputs/paired_20260421_182654/seed_0042/train_region_off_unrestricted/sched_thdqn/maint_flat_ddqn/rul_curves_20260421_182654_maint_flat_ddqn_region_off_unrestricted.png,02_paper_results/maintenance_strategy_comparison_20260421/thdqn_scheduler/flat_ddqn_maintenance/rul_health_curves.png
outputs/paired_20260421_182654/seed_0042/train_region_off_unrestricted/sched_thdqn/maint_flat_ddqn/rule_vs_features_20260421_182654_maint_flat_ddqn_region_off_unrestricted.png,02_paper_results/maintenance_strategy_comparison_20260421/thdqn_scheduler/flat_ddqn_maintenance/dispatch_rule_feature_analysis.png
outputs/paired_20260421_182654/seed_0042/train_region_off_unrestricted/sched_thdqn/maint_flat_ddqn/summary_20260421_182654_maint_flat_ddqn_region_off_unrestricted.csv,02_paper_results/maintenance_strategy_comparison_20260421/thdqn_scheduler/flat_ddqn_maintenance/summary_metrics.csv
outputs/paired_20260421_182654/seed_0042/train_region_off_unrestricted/sched_thdqn/maint_flat_ddqn/summary_20260421_182654_maint_flat_ddqn_region_off_unrestricted.json,02_paper_results/maintenance_strategy_comparison_20260421/thdqn_scheduler/flat_ddqn_maintenance/summary_metrics.json
outputs/paired_20260421_182654/seed_0042/train_region_off_unrestricted/sched_thdqn/maint_flat_ddqn/training_curves_20260421_182654_maint_flat_ddqn.png,02_paper_results/maintenance_strategy_comparison_20260421/thdqn_scheduler/flat_ddqn_maintenance/training_curves.png
outputs/paired_20260421_182654/seed_0042/train_region_off_unrestricted/sched_thdqn/maint_hier_ddqn/decision_log_20260421_182654_maint_hier_ddqn_region_off_unrestricted.csv,02_paper_results/maintenance_strategy_comparison_20260421/thdqn_scheduler/hierarchical_ddqn_maintenance/decision_log.csv
outputs/paired_20260421_182654/seed_0042/train_region_off_unrestricted/sched_thdqn/maint_hier_ddqn/gantt_20260421_182654_maint_hier_ddqn_region_off_unrestricted.png,02_paper_results/maintenance_strategy_comparison_20260421/thdqn_scheduler/hierarchical_ddqn_maintenance/gantt_schedule.png
outputs/paired_20260421_182654/seed_0042/train_region_off_unrestricted/sched_thdqn/maint_hier_ddqn/goal_vs_features_20260421_182654_maint_hier_ddqn_region_off_unrestricted.png,02_paper_results/maintenance_strategy_comparison_20260421/thdqn_scheduler/hierarchical_ddqn_maintenance/scheduler_goal_feature_analysis.png
outputs/paired_20260421_182654/seed_0042/train_region_off_unrestricted/sched_thdqn/maint_hier_ddqn/maint_action_rates_20260421_182654_maint_hier_ddqn.png,02_paper_results/maintenance_strategy_comparison_20260421/thdqn_scheduler/hierarchical_ddqn_maintenance/maintenance_action_rates.png
outputs/paired_20260421_182654/seed_0042/train_region_off_unrestricted/sched_thdqn/maint_hier_ddqn/maint_vs_slack_20260421_182654_maint_hier_ddqn_region_off_unrestricted.png,02_paper_results/maintenance_strategy_comparison_20260421/thdqn_scheduler/hierarchical_ddqn_maintenance/maintenance_action_vs_slack.png
outputs/paired_20260421_182654/seed_0042/train_region_off_unrestricted/sched_thdqn/maint_hier_ddqn/rul_curves_20260421_182654_maint_hier_ddqn_region_off_unrestricted.png,02_paper_results/maintenance_strategy_comparison_20260421/thdqn_scheduler/hierarchical_ddqn_maintenance/rul_health_curves.png
outputs/paired_20260421_182654/seed_0042/train_region_off_unrestricted/sched_thdqn/maint_hier_ddqn/rule_vs_features_20260421_182654_maint_hier_ddqn_region_off_unrestricted.png,02_paper_results/maintenance_strategy_comparison_20260421/thdqn_scheduler/hierarchical_ddqn_maintenance/dispatch_rule_feature_analysis.png
outputs/paired_20260421_182654/seed_0042/train_region_off_unrestricted/sched_thdqn/maint_hier_ddqn/summary_20260421_182654_maint_hier_ddqn_region_off_unrestricted.csv,02_paper_results/maintenance_strategy_comparison_20260421/thdqn_scheduler/hierarchical_ddqn_maintenance/summary_metrics.csv
outputs/paired_20260421_182654/seed_0042/train_region_off_unrestricted/sched_thdqn/maint_hier_ddqn/summary_20260421_182654_maint_hier_ddqn_region_off_unrestricted.json,02_paper_results/maintenance_strategy_comparison_20260421/thdqn_scheduler/hierarchical_ddqn_maintenance/summary_metrics.json
outputs/paired_20260421_182654/seed_0042/train_region_off_unrestricted/sched_thdqn/maint_hier_ddqn/training_curves_20260421_182654_maint_hier_ddqn.png,02_paper_results/maintenance_strategy_comparison_20260421/thdqn_scheduler/hierarchical_ddqn_maintenance/training_curves.png
outputs/paired_20260421_182654/seed_0042/train_region_off_unrestricted/sched_thdqn/maint_pomcp/decision_log_20260421_182654_maint_pomcp_region_off_unrestricted.csv,02_paper_results/maintenance_strategy_comparison_20260421/thdqn_scheduler/pomcp_maintenance/decision_log.csv
outputs/paired_20260421_182654/seed_0042/train_region_off_unrestricted/sched_thdqn/maint_pomcp/gantt_20260421_182654_maint_pomcp_region_off_unrestricted.png,02_paper_results/maintenance_strategy_comparison_20260421/thdqn_scheduler/pomcp_maintenance/gantt_schedule.png
outputs/paired_20260421_182654/seed_0042/train_region_off_unrestricted/sched_thdqn/maint_pomcp/goal_vs_features_20260421_182654_maint_pomcp_region_off_unrestricted.png,02_paper_results/maintenance_strategy_comparison_20260421/thdqn_scheduler/pomcp_maintenance/scheduler_goal_feature_analysis.png
outputs/paired_20260421_182654/seed_0042/train_region_off_unrestricted/sched_thdqn/maint_pomcp/maint_action_rates_20260421_182654_maint_pomcp.png,02_paper_results/maintenance_strategy_comparison_20260421/thdqn_scheduler/pomcp_maintenance/maintenance_action_rates.png
outputs/paired_20260421_182654/seed_0042/train_region_off_unrestricted/sched_thdqn/maint_pomcp/maint_vs_slack_20260421_182654_maint_pomcp_region_off_unrestricted.png,02_paper_results/maintenance_strategy_comparison_20260421/thdqn_scheduler/pomcp_maintenance/maintenance_action_vs_slack.png
outputs/paired_20260421_182654/seed_0042/train_region_off_unrestricted/sched_thdqn/maint_pomcp/rul_curves_20260421_182654_maint_pomcp_region_off_unrestricted.png,02_paper_results/maintenance_strategy_comparison_20260421/thdqn_scheduler/pomcp_maintenance/rul_health_curves.png
outputs/paired_20260421_182654/seed_0042/train_region_off_unrestricted/sched_thdqn/maint_pomcp/rule_vs_features_20260421_182654_maint_pomcp_region_off_unrestricted.png,02_paper_results/maintenance_strategy_comparison_20260421/thdqn_scheduler/pomcp_maintenance/dispatch_rule_feature_analysis.png
outputs/paired_20260421_182654/seed_0042/train_region_off_unrestricted/sched_thdqn/maint_pomcp/summary_20260421_182654_maint_pomcp_region_off_unrestricted.csv,02_paper_results/maintenance_strategy_comparison_20260421/thdqn_scheduler/pomcp_maintenance/summary_metrics.csv
outputs/paired_20260421_182654/seed_0042/train_region_off_unrestricted/sched_thdqn/maint_pomcp/summary_20260421_182654_maint_pomcp_region_off_unrestricted.json,02_paper_results/maintenance_strategy_comparison_20260421/thdqn_scheduler/pomcp_maintenance/summary_metrics.json
outputs/paired_20260421_182654/seed_0042/train_region_off_unrestricted/sched_thdqn/maint_pomcp/training_curves_20260421_182654_maint_pomcp.png,02_paper_results/maintenance_strategy_comparison_20260421/thdqn_scheduler/pomcp_maintenance/training_curves.png
outputs/paired_20260421_182654/seed_0042/train_region_off_unrestricted/sched_thdqn/compare/compare_full_system_maint_flat_ddqn_vs_maint_hier_ddqn_region_off_unrestricted.csv,02_paper_results/maintenance_strategy_comparison_20260421/thdqn_scheduler/maintenance_strategy_comparisons/flat_ddqn_vs_hierarchical_ddqn_decision_details.csv
outputs/paired_20260421_182654/seed_0042/train_region_off_unrestricted/sched_thdqn/compare/compare_full_system_maint_flat_ddqn_vs_maint_hier_ddqn_region_off_unrestricted.json,02_paper_results/maintenance_strategy_comparison_20260421/thdqn_scheduler/maintenance_strategy_comparisons/flat_ddqn_vs_hierarchical_ddqn_summary.json
outputs/paired_20260421_182654/seed_0042/train_region_off_unrestricted/sched_thdqn/compare/compare_full_system_maint_flat_ddqn_vs_maint_hier_ddqn_region_off_unrestricted.png,02_paper_results/maintenance_strategy_comparison_20260421/thdqn_scheduler/maintenance_strategy_comparisons/flat_ddqn_vs_hierarchical_ddqn_comparison_chart.png
outputs/paired_20260421_182654/seed_0042/train_region_off_unrestricted/sched_thdqn/compare/compare_full_system_maint_flat_ddqn_vs_maint_hier_ddqn_region_off_unrestricted_summary.csv,02_paper_results/maintenance_strategy_comparison_20260421/thdqn_scheduler/maintenance_strategy_comparisons/flat_ddqn_vs_hierarchical_ddqn_summary.csv
outputs/paired_20260421_182654/seed_0042/train_region_off_unrestricted/sched_thdqn/compare/compare_full_system_maint_flat_ddqn_vs_maint_pomcp_region_off_unrestricted.csv,02_paper_results/maintenance_strategy_comparison_20260421/thdqn_scheduler/maintenance_strategy_comparisons/flat_ddqn_vs_pomcp_decision_details.csv
outputs/paired_20260421_182654/seed_0042/train_region_off_unrestricted/sched_thdqn/compare/compare_full_system_maint_flat_ddqn_vs_maint_pomcp_region_off_unrestricted.json,02_paper_results/maintenance_strategy_comparison_20260421/thdqn_scheduler/maintenance_strategy_comparisons/flat_ddqn_vs_pomcp_summary.json
outputs/paired_20260421_182654/seed_0042/train_region_off_unrestricted/sched_thdqn/compare/compare_full_system_maint_flat_ddqn_vs_maint_pomcp_region_off_unrestricted.png,02_paper_results/maintenance_strategy_comparison_20260421/thdqn_scheduler/maintenance_strategy_comparisons/flat_ddqn_vs_pomcp_comparison_chart.png
outputs/paired_20260421_182654/seed_0042/train_region_off_unrestricted/sched_thdqn/compare/compare_full_system_maint_flat_ddqn_vs_maint_pomcp_region_off_unrestricted_summary.csv,02_paper_results/maintenance_strategy_comparison_20260421/thdqn_scheduler/maintenance_strategy_comparisons/flat_ddqn_vs_pomcp_summary.csv
outputs/paired_20260421_182654/seed_0042/train_region_off_unrestricted/sched_thdqn/compare/compare_full_system_maint_hier_ddqn_vs_maint_pomcp_region_off_unrestricted.csv,02_paper_results/maintenance_strategy_comparison_20260421/thdqn_scheduler/maintenance_strategy_comparisons/hierarchical_ddqn_vs_pomcp_decision_details.csv
outputs/paired_20260421_182654/seed_0042/train_region_off_unrestricted/sched_thdqn/compare/compare_full_system_maint_hier_ddqn_vs_maint_pomcp_region_off_unrestricted.json,02_paper_results/maintenance_strategy_comparison_20260421/thdqn_scheduler/maintenance_strategy_comparisons/hierarchical_ddqn_vs_pomcp_summary.json
outputs/paired_20260421_182654/seed_0042/train_region_off_unrestricted/sched_thdqn/compare/compare_full_system_maint_hier_ddqn_vs_maint_pomcp_region_off_unrestricted.png,02_paper_results/maintenance_strategy_comparison_20260421/thdqn_scheduler/maintenance_strategy_comparisons/hierarchical_ddqn_vs_pomcp_comparison_chart.png
outputs/paired_20260421_182654/seed_0042/train_region_off_unrestricted/sched_thdqn/compare/compare_full_system_maint_hier_ddqn_vs_maint_pomcp_region_off_unrestricted_summary.csv,02_paper_results/maintenance_strategy_comparison_20260421/thdqn_scheduler/maintenance_strategy_comparisons/hierarchical_ddqn_vs_pomcp_summary.csv
