family,model,fold,pretrain_sequence_count,train_sequence_count,val_sequence_count,test_sequence_count,pretrain_best_epoch,pretrain_best_rmse,best_epoch,best_val_rmse,health_mae,health_rmse,health_r2,rul_mae,rul_rmse,rul_smape
A2,ATTENTION,0,21,10,1,3,11,0.038967391763264345,9,0.059049826907119886,0.056592566721324386,0.07172309837248371,0.8763512922002986,3.151829381982666,3.7154329995722226,0.08545405331364314
A2,ATTENTION,1,21,10,1,3,15,0.03809107631983145,7,0.0903240199378725,0.05624469557895939,0.06776708105656742,0.8638061418590594,2.4859251418012254,3.0092662450575753,0.10226490248861081
A2,ATTENTION,2,21,10,1,3,14,0.0393473932197476,17,0.09200464980295044,0.044308578795334265,0.07036508685624536,0.9030137409818393,1.5791660660439149,2.3087094930053342,0.07748750125792374
A2,ATTENTION,3,21,10,1,3,20,0.03646706587824102,4,0.05191017219848147,0.20137696849130024,0.2273676821872771,-0.013543371876836074,37.00677673090284,43.80052491481333,0.34604051080825043
A2,ATTENTION,4,22,11,1,2,12,0.039150907188038146,9,0.05145644939912669,0.042721882950065085,0.05704668516098398,0.9404984345694231,1.2609662151531695,1.5988917957067241,0.0776840676103301
A2,GRU,0,21,10,1,3,13,0.03639780223056184,27,0.05894561565802976,0.049155548743707034,0.06583766050815235,0.8958113819664273,2.761947470431549,3.548001686366541,0.071122278164278
A2,GRU,1,21,10,1,3,19,0.035191159516640445,24,0.06922412177401237,0.061688753994221385,0.07176340645560035,0.84726940108547,2.6970110104439105,3.1269342355833682,0.1061442802459585
A2,GRU,2,21,10,1,3,14,0.035473315167474234,7,0.08164475067277917,0.04846906537045386,0.07745223967803185,0.8824930068976677,1.6708134105555372,2.4419574907561126,0.09065808811044561
A2,GRU,3,21,10,1,3,20,0.034780687995314453,13,0.03369899636255782,0.16748982872082807,0.19214675264076547,0.27614601942089856,31.555280409483153,37.41830975195561,0.27595267293541736
A2,GRU,4,22,11,1,2,11,0.03581958350104909,9,0.06182754629175257,0.051081973198488936,0.06291860024150356,0.9276188183579317,1.5262842958446416,1.7745848408407914,0.10238247742701549
A2,LSTM,0,21,10,1,3,9,0.03907418265213554,14,0.06329062854065488,0.0415785428580639,0.05400370820194316,0.929899896173878,2.2716785410081832,2.8013936793970013,0.06078810107375418
A2,LSTM,1,21,10,1,3,20,0.036850647928470974,5,0.10933323278374002,0.04875372354178987,0.05638053240115466,0.9057289576949231,2.1700741978401834,2.562693678671941,0.07682899484401826
A2,LSTM,2,21,10,1,3,17,0.03429577888817186,11,0.08882272025930375,0.0421342349596294,0.06979441925026393,0.9045804975740378,1.4563290217360791,2.1854580036278435,0.07374373634532205
A2,LSTM,3,21,10,1,3,20,0.035889335164954836,6,0.05519135013147202,0.16566167172357857,0.1854765194395214,0.3255298344855043,30.35929902107916,35.642553496146235,0.2843341232978121
A2,LSTM,4,22,11,1,2,18,0.0349174061155874,9,0.06287459734355993,0.05352411260695058,0.07148173285605444,0.9065761612084955,1.5776235730613912,1.9823420863163688,0.0970213278122951
A2,TCN,0,21,10,1,3,18,0.034042200865431235,23,0.06964552327515407,0.04824341664106006,0.06109568827287831,0.910279306738029,2.671002517297552,3.19514820552352,0.07286866059069567
A2,TCN,1,21,10,1,3,17,0.033783463661287816,16,0.07070213470381756,0.05006827544817265,0.06523638826931545,0.8737882520678011,2.2585879069693546,3.0272578396618552,0.07796639079296779
A2,TCN,2,21,10,1,3,18,0.033938689962778316,21,0.0870358934901676,0.058991308313703715,0.0866342040245193,0.8529806389845064,2.101765143445035,2.8948665134726363,0.0976074429858492
A2,TCN,3,21,10,1,3,20,0.03403233307325106,5,0.06628217320043686,0.22216221092460312,0.23668519283208903,-0.09831533373154921,41.107623288609155,45.74243462386967,0.4328782970800117
A2,TCN,4,22,11,1,2,20,0.0333183917881477,11,0.07258978453275527,0.05314976440129349,0.06503083219335955,0.922677446517252,1.5966554994719648,1.8611089973223398,0.09999826166545259
A3,ATTENTION,0,43,17,2,5,16,0.0527576141936159,3,0.07464457166663827,0.06385724839790273,0.07445309021290612,0.9201246046074496,14.26324151019521,18.025001072801935,0.14175623229088688
A3,ATTENTION,1,43,17,2,5,20,0.05675895473609457,17,0.0653315925161741,0.06949845527711523,0.07548667350235505,0.8869072969455927,9.91097222116231,11.276425782108683,0.15117971419951753
A3,ATTENTION,2,43,17,2,5,6,0.054338661688886944,10,0.06314775293581786,0.05251187428296842,0.07056310285263201,0.9179651830283251,4.489411822253915,5.7805215427706536,0.1118145819355399
A3,ATTENTION,3,43,17,2,5,9,0.054756819361651374,3,0.04050896851189446,0.05316795332420388,0.06694100943615133,0.9203557930070561,5.18423954418941,6.600312165433701,0.10423693549879672
A3,ATTENTION,4,44,18,2,4,9,0.05364520382625126,24,0.05104025998667811,0.07167877604230943,0.08028670863813618,0.8979472341754189,14.078284514879757,16.39426807659285,0.15033529161456052
A3,GRU,0,43,17,2,5,14,0.05199533788367572,18,0.07543475163835232,0.06561304756829218,0.08012248493833612,0.9074968791483812,15.135165004619841,19.824215635211296,0.1418308364779289
A3,GRU,1,43,17,2,5,19,0.05479870676087751,1,0.07138180319619719,0.06656507728753279,0.08494680959414172,0.8567851165089243,9.212204125871247,12.245426399295198,0.15018398618118914
A3,GRU,2,43,17,2,5,17,0.05020640070565234,6,0.06379911842823831,0.048078311147541866,0.060964235518697486,0.9387659282784345,4.19362662086107,5.335575534196639,0.10108545439497268
A3,GRU,3,43,17,2,5,14,0.049242391453366764,9,0.03776851835846286,0.05829028626424792,0.07024874582709179,0.9122904609752499,5.853173230829622,7.196648273363196,0.12520641687370063
A3,GRU,4,44,18,2,4,17,0.05098552389166965,4,0.07149453380916779,0.07533178970686517,0.0843713280215936,0.8872991372083989,14.662218839669771,16.954869835421853,0.16251220972678307
A3,LSTM,0,43,17,2,5,18,0.051777911405990404,36,0.066016674687025,0.06161337166822402,0.07449891487753964,0.9200262503386862,13.483754984563136,17.64210440102858,0.13448335698835082
A3,LSTM,1,43,17,2,5,8,0.05513884595402396,13,0.06788800513802863,0.057592543733778485,0.06547113306691815,0.9149266130588642,7.8761087080390375,9.034366103158348,0.11930581799784033
A3,LSTM,2,43,17,2,5,19,0.04980049223390695,4,0.0680846363899886,0.04978935089449837,0.06649388012933179,0.9271539132865292,4.27073661641749,5.525813042571954,0.10242718872683142
A3,LSTM,3,43,17,2,5,17,0.048651870983108005,4,0.046767562929503126,0.04954005975435152,0.06254631096121688,0.9304698641719623,4.838131268657136,6.174015810235199,0.08791907455809983
A3,LSTM,4,44,18,2,4,11,0.05206435981949343,32,0.04841400141668113,0.07393303726407319,0.08239228613357048,0.8925242269748613,14.514772415758824,16.82881375136954,0.1557375686190978
A3,TCN,0,43,17,2,5,15,0.050485787072812004,12,0.0736046676687014,0.06255237788193908,0.07569820346482091,0.9174306796199763,14.45086872589562,18.766097069292606,0.14113769119299038
A3,TCN,1,43,17,2,5,20,0.052890323461439154,3,0.08411576993169308,0.06534376760218949,0.07219173219114512,0.8965646628775592,9.169460510918997,10.500736797555016,0.13272211508052423
A3,TCN,2,43,17,2,5,11,0.04948114852557334,3,0.0705158757589246,0.05651672339201991,0.07298522950548818,0.9122367231677923,5.008555138772446,6.7670802217485715,0.12319321710182551
A3,TCN,3,43,17,2,5,14,0.04821501979749431,12,0.031218622459931875,0.05074973101640024,0.06190833573360784,0.9318810513121178,4.9025954175997555,6.0172676678853465,0.09225392372307505
A3,TCN,4,44,18,2,4,13,0.05002071523704294,19,0.04897179238884567,0.07336517708928446,0.08287023684990288,0.891273694523313,14.252737374615329,16.58084740940103,0.15811449737445832
A4,ATTENTION,0,21,8,1,3,20,0.038103016272973814,9,0.011538123767050825,0.022742587474404392,0.028671823891798544,0.9846013307585871,5.2822870758344544,6.881507350840334,0.04233814001272526
A4,ATTENTION,1,21,8,1,3,8,0.04009417594697383,23,0.014979060813204315,0.0262363406173468,0.032985838478514065,0.9551519853844895,2.556409767402638,3.0847694287115055,0.035595933978120844
A4,ATTENTION,2,22,9,1,2,7,0.04141613908702276,16,0.049903128157596226,0.025497388471636052,0.028112497089519736,0.9803554861416949,6.757690934595487,7.889029461569405,0.04143997333143983
A4,ATTENTION,3,22,9,1,2,20,0.038037159582297225,8,0.027803529713678377,0.0300127695256275,0.03531951554200594,0.978339263517583,8.995677159140051,10.334427869130467,0.06332705704687029
A4,ATTENTION,4,22,9,1,2,16,0.03560259621085483,9,0.021089190971577174,0.03863478980543538,0.045788541843167996,0.9626135688028314,2.3831274249651817,2.825705736747915,0.060430628834621386
A4,GRU,0,21,8,1,3,18,0.035984386849164794,9,0.010199036652816327,0.019417329618551662,0.024587676450533197,0.9886758000552297,4.373128112312078,5.572776006281366,0.03733410303505442
A4,GRU,1,21,8,1,3,16,0.03435593700964801,4,0.021726572891038166,0.02218468311954947,0.03011122785183494,0.9626281070423102,1.8200666080075323,2.135907928984294,0.03343646111230031
A4,GRU,2,22,9,1,2,19,0.03446885167085903,5,0.05090232553298527,0.025356251231841556,0.027830699028555998,0.9807473432361258,6.535133865256638,7.709813906529492,0.04227137471451711
A4,GRU,3,22,9,1,2,19,0.03631308143785901,12,0.028122586799417718,0.028041307420957097,0.03241939854864638,0.9817503873942709,8.478556897266802,9.688310747239955,0.06095540061865159
A4,GRU,4,22,9,1,2,12,0.03572448684218919,3,0.021789937563054678,0.04522760791510127,0.05698767417401902,0.9420888420506657,2.782721719788004,3.4942741531758745,0.06790784506091334
A4,LSTM,0,21,8,1,3,17,0.036342443713791805,7,0.012530551235429309,0.02239224484617869,0.028222322935983816,0.9850803696332227,4.955711802926124,6.276359948658473,0.043014071558150506
A4,LSTM,1,21,8,1,3,11,0.037776547495282704,2,0.02161548632619593,0.021261310047193442,0.028938495260427022,0.9654824425897672,1.9137830036442454,2.600120882570458,0.03231241959983603
A4,LSTM,2,22,9,1,2,12,0.03715798935298527,6,0.0494442032149292,0.02671365609601077,0.029495505474752007,0.9783750991299996,7.188516701217246,8.422180306526657,0.0429097858512379
A4,LSTM,3,22,9,1,2,17,0.03732332302495641,4,0.032659004210326484,0.029022055343102496,0.03500353235928289,0.9787251018727873,8.627221194317565,10.184176927963547,0.060204993518496626
A4,LSTM,4,22,9,1,2,11,0.037784410630585054,16,0.02276589808481029,0.039964785226609456,0.04617024149160674,0.9619876538016173,2.4521766413210666,2.8284512459671163,0.10080460206791252
A4,TCN,0,21,8,1,3,18,0.03370172694896455,13,0.011672367340115992,0.025636149471092343,0.031801833965612925,0.9810557733361386,5.666521272495182,6.963470764600101,0.05345513036370957
A4,TCN,1,21,8,1,3,20,0.03173463746593391,15,0.017251895631766566,0.025064420302423892,0.03135878293145415,0.9594672039305413,2.5918940512658533,3.5500054574499136,0.032754608522154845
A4,TCN,2,22,9,1,2,18,0.034079169425215466,7,0.0537506431974336,0.027443625798313467,0.0305822524950923,0.9767522258346919,7.452725242770328,8.814906070415338,0.04406430464893267
A4,TCN,3,22,9,1,2,18,0.035855671447647446,3,0.033164804239897004,0.03425235944039827,0.042632279208213955,0.9684411734841346,10.186160141645201,12.37478140960674,0.06648498556702646
A4,TCN,4,22,9,1,2,18,0.03257313731247551,1,0.02509956387988077,0.04197559092581705,0.053039039574170097,0.9498360546163542,2.5791827754882,3.2435017253679512,0.0674385773889708
